Layer,k[0],k[1:]
0,7617780.237044779,"[5655886.333449787, 3990274.657484837, 3321155.523455482, 2940663.340920262, 2691820.0289160945, 2516166.583374396, 2386231.4592868686, 2287179.899126541, 2210214.0819541514, 2149750.8486491963, 2102061.0043828785, 2064552.337627992, 2035364.932208009, 2013129.8458011746, 1996818.5891875625, 1985645.6576156244, 1979003.3863143176, 1976417.2181916162, 1977514.2667049542, 1982000.7763477862, 1989645.6826276109, 2000268.4445690885, 2013729.929329373, 2029925.517009735, 2048779.8482921422, 2070242.8077759296, 2094286.4519323707, 2120902.671092272, 2150101.431653872, 2181909.4853854775, 2216369.4623225033, 2253539.2856820524, 2293491.8637295663, 2336315.0262097567, 2382111.68290624, 2431000.1899192333, 2483114.91591835, 2538607.006379053, 2597645.3489648104, 2660417.748052582, 2727132.321115315, 2798019.1344880313, 2873332.101112038, 2953351.1683693677, 3038384.830263689, 3128773.00518243, 3224890.3285227716, 3327149.9188476503, 3436007.68728894, 3551967.2730213255, 3675585.7032784373, 3807479.8951656222, 3948334.1391844153, 4098908.7318522036, 4260049.958248675, 4432701.666223288, 4617918.724257916, 4816882.716997772, 5030920.309360385, 5261524.805927694, 5510381.55225718, 5779397.975667149, 6070739.253988624, 6386870.843689203, 6730609.409636736, 7105184.0990225375, 7514310.620648652, 7962281.267499864, 8454074.90973869, 8995492.162507445, 9593322.503919244, 10255552.232719123, 10991625.025449812, 11812770.787044168, 12732423.93511635, 13766759.87917602, 14935389.242081821, 16262264.824248493, 17776878.742399633, 19515860.196241796, 21525133.670871496, 23862872.367509663, 26603597.62389481, 29843957.942644656, 33711015.73003399, 38374355.22794366, 44064145.84968996, 51098722.73009479, 59927809.02510977, 71202270.33444595, 85890515.0805788, 105480333.70834517, 132344821.40842581, 170441356.8984685, 226732446.0023036, 314299720.0734906, 459833851.97599363, 723903159.8614187, 1264959170.687522]"
1,7735221.031918222,"[5743914.211527182, 4053395.334138084, 3374521.058431931, 2988657.7613479905, 2736444.474877171, 2558537.4712613933, 2427050.9863699675, 2326927.6302900948, 2249238.358868502, 2188317.4222934544, 2140381.0758309066, 2102799.767336048, 2073687.3479376063, 2051656.1212169603, 2035664.0660056695, 2024915.912992835, 2018797.0338897482, 2016828.051389031, 2018632.9456445128, 2023916.1935768202, 2032446.1009130925, 2044042.4727044106, 2058567.3837879077, 2075918.205043748, 2096022.2997043282, 2118832.976823598, 2144326.406847924, 2172499.2859886438, 2203367.09378542, 2236962.82962054, 2273336.144095823, 2312552.8035390824, 2354694.4427790493, 2399858.574331224, 2448158.8324000537, 2499725.438431591, 2554705.8819444627, 2613265.8164588064, 2675590.175892517, 2741884.5220574588, 2812376.639124736, 2887318.396324903, 2966987.9059242606, 3051692.0098659396, 3141769.1356033683, 3237592.569830194, 3339574.2082968056, 3448168.85103783, 3563879.125506893, 3687261.1358194053, 3818930.9551297426, 3959572.100866109, 4109944.160047084, 4270892.765373021, 4443361.16371122, 4628403.6688709855, 4827201.352594376, 5041080.404601157, 5271533.688328832, 5520246.138946921, 5789124.801154941, 6080334.495209366, 6396340.342549354, 6739958.693251729, 7114418.3978028, 7523434.884359956, 7971300.179394275, 8462992.898820609, 9004313.41396892, 9602050.967744827, 10264191.630422622, 11000178.854863524, 11821242.32502985, 12740816.238007367, 13775075.780683815, 14943631.348305225, 16270435.505301893, 17784980.12001568, 19523894.126493752, 21533101.720873177, 23870775.784565926, 26611437.29503542, 29851734.341724634, 33718728.84851259, 38382004.48390323, 44071729.9673779, 51106239.57885778, 59935255.401353955, 71209641.66209197, 85897804.99237192, 105487533.44883442, 132351918.96291625, 170448335.6884079, 226739282.8720188, 314306382.0763838, 459840291.0469382, 723909303.6213403, 1264964905.9620152]"
2,7855702.215459927,"[5834242.957578204, 4118192.812105207, 3429326.5054716393, 3037967.333795253, 2782310.71813184, 2602105.7447480373, 2469041.9688519016, 2367833.7882260047, 2289417.6837997288, 2228043.302979827, 2179871.0556236655, 2142233.1956184283, 2113216.7761510164, 2091414.9784037992, 2075772.0216740295, 2065482.749419935, 2059925.5287564173, 2058616.1872855872, 2061175.6530278102, 2067306.765961893, 2076777.378075391, 2089407.8597118184, 2105061.7551354095, 2123638.7306493, 2145069.2209824324, 2169310.355183646, 2196342.8629363626, 2226168.745270744, 2258809.5522870272, 2294305.152584046, 2332712.909798369, 2374107.2044648826, 2418579.2566744983, 2466237.2183654457, 2517206.5146863014, 2571630.422549218, 2629670.881846443, 2691509.541303709, 2757349.0469349623, 2827414.5868531317, 2901955.712020159, 2981248.45862709, 3065597.80440633, 3155340.498521313, 3250848.313020706, 3352531.7734582424, 3460844.4375202656, 3576287.8037572503, 3699416.9482887834, 3830847.0062316954, 3971260.63734442, 4121416.6429162025, 4282159.934430748, 4454433.095485598, 4639289.8287425935, 4837910.641737342, 5051621.202296913, 5281913.890133262, 5530473.191126525, 5799205.731749445, 6090275.942029476, 6406148.578372508, 6749639.648438573, 7123977.680519283, 7532877.798555344, 7980631.740651101, 8472217.848159283, 9013436.229655474, 9611075.875113368, 10273122.609685004, 11009019.646832585, 11829996.434630454, 12749486.93538487, 13783666.099642098, 14952144.081706405, 16278873.196933806, 17793345.05226797, 19532188.30296272, 21541326.84272468, 23878933.21908045, 26619528.034210443, 29859758.948029637, 33726687.38378918, 38389896.415805876, 44079554.04539883, 51113993.6684562, 59942936.25931978, 71217244.62784314, 85905323.5563767, 105494958.63712573, 132359238.43902028, 170455532.408175, 226746333.0077076, 314313251.7027738, 459846930.6477785, 723915638.6075077, 1264970819.6768079]"
3,7979334.82342858,"[5926957.417190232, 4184729.935414305, 3485626.6751017384, 3088642.894191835, 2829467.497275453, 2646919.119340595, 2512251.8023861498, 2409945.9566654116, 2330800.2250874937, 2268977.573642291, 2220581.230873458, 2182904.3793165386, 2154006.6958620623, 2132461.8656243607, 2117200.1212344915, 2107406.3013432994, 2102451.7364050224, 2101847.496567659, 2105211.5546776205, 2112245.2633971274, 2122716.2192522287, 2136445.602758765, 2153298.7185556367, 2173177.866088018, 2196016.937839374, 2221777.3203803897, 2250444.7950769365, 2282027.219710231, 2316552.8318781257, 2354069.0578740835, 2394641.742034301, 2438354.7348338515, 2485309.7957023233, 2535626.780277148, 2589444.0928026587, 2646919.3934500217, 2708230.5581161827, 2773576.895218, 2843180.6305244267, 2917288.6774638593, 2996174.716886714, 3080141.617215246, 3169524.23352018, 3264692.6326167434, 3366055.8010514528, 3474065.9042244554, 3589223.1782527417, 3712081.5520379245, 3843255.115951389, 3983425.576348722, 4133350.862708032, 4293875.087723315, 4465940.101667613, 4650598.932660729, 4849031.466547966, 5062562.797037542, 5292684.772574395, 5541081.3863886595, 5809658.807103366, 6100581.038239539, 6416312.437889516, 6759668.640703708, 7133877.824596554, 7542654.783271104, 7990290.942380488, 8481764.346363425, 9022874.820233881, 9620411.08159849, 10282358.692261457, 11018160.609116465, 11839046.028087556, 12758448.661200464, 13792543.207772493, 14960939.566739619, 16287589.790255547, 17801985.209857702, 19540754.18791747, 21549820.30130565, 23887355.748661935, 26627880.74094081, 29868042.49121183, 33734901.902849495, 38398041.43407023, 44087628.342473865, 51121995.1093719, 59950861.56303692, 71225089.04902482, 85913080.44039607, 105502618.78535414, 132366789.18260956, 170462956.22064495, 226753605.36375213, 314320337.6601076, 459853779.18068695, 723922172.8265729, 1264976919.2993798]"
4,8106235.148017913,"[6022146.492042238, 4253072.601610888, 3543479.08264146, 3140737.8257310204, 2877966.0303286053, 2693027.7747161947, 2556730.367202878, 2453314.2512680218, 2373436.752528399, 2311172.0077335685, 2262564.686424643, 2224867.9978052005, 2196113.651011057, 2174855.4564890936, 2160009.4343149513, 2150750.30694703, 2146442.3465145826, 2146591.917529024, 2150814.152371809, 2158809.0872741416, 2170344.286415927, 2185242.013941206, 2203369.6583787873, 2224632.5269307345, 2248968.3977355957, 2276343.399309084, 2306748.909897968, 2340199.255281031, 2376730.044192657, 2416397.024147004, 2459275.372353852, 2505459.360228613, 2555062.3481441885, 2608217.08125782, 2665076.268660009, 2725813.4376148432, 2790624.0629219115, 2859726.978939995, 2933366.0889538676, 3011812.3936846405, 3095366.368136823, 3184360.7239304036, 3279163.6030868143, 3380182.259231448, 3487867.293715507, 3602717.527656749, 3725285.606862664, 3856184.455637276, 3996094.7183410227, 4145773.355212331, 4306063.5925439, 4477906.468327194, 4662354.264830291, 4860586.181671798, 5073926.679915458, 5303867.023559183, 5552090.664765298, 5820503.2701385915, 6111268.376321584, 6426849.906118065, 6770063.0872347355, 7144135.715999186, 7552782.227107435, 8000293.707176954, 8491647.87910074, 9032644.261441588, 9630071.278096199, 10291914.207543522, 11027615.731325358, 11848404.775461853, 12767714.784813106, 13801720.191289186, 14970030.622821689, 16296597.853091478, 17810912.92313409, 19549603.887303412, 21558593.990210235, 23896055.065599024, 26636506.916242123, 29876596.290005982, 33743383.550044, 38406450.51537824, 44095963.6730175, 51130254.557650924, 59959041.81230593, 71233185.26915443, 85921085.82891273, 105510523.91270137, 132374581.03660452, 170470616.77504086, 226761109.36901426, 314327649.11657953, 459860845.4919236, 723928914.7080026, 1264983212.69131]"
5,8236525.044628287,"[6119903.378982022, 4323289.944693534, 3602944.1127759926, 3194308.21623569, 2927860.170231197, 2740484.511583749, 2602530.188628014, 2497991.485628918, 2417380.810463734, 2354681.2508766055, 2305877.4965240434, 2268181.8561558053, 2239597.466658056, 2218657.880812153, 2204264.682403907, 2195582.373756297, 2191968.15897765, 2192923.7648245245, 2198061.6178784966, 2207080.6326388344, 2219748.5918167382, 2235889.14855361, 2255372.1351474375, 2278106.282378629, 2304033.7284768075, 2333125.880778387, 2365380.3186709434, 2400818.5136654824, 2439484.2041382045, 2481442.3067034036, 2526778.2787513286, 2575597.87105, 2628027.227963418, 2684213.307499692, 2744324.605309248, 2808552.176781133, 2877110.9602198154, 2950241.4122241735, 3028211.474269569, 3111318.8974705935, 3199893.960906774, 3294302.628065586, 3394950.1962240636, 3502285.5053480417, 3616805.7867548615, 3739062.247886896, 3869666.508689642, 4009298.028044343, 4158712.686416447, 4318752.724521995, 4490358.278882861, 4674580.805531442, 4872598.745254934, 5085735.860757202, 5315482.771987051, 5563522.335872203, 5831759.66767323, 6122357.792146385, 6437780.155655414, 6780841.541259855, 7154769.329081267, 7563277.5629493, 8010656.961055011, 8501884.89756018, 9042760.559356838, 9640072.053158462, 10301804.35218829, 11037399.84205702, 11858087.159470081, 12777299.463701904, 13811210.901649892, 14979430.813267827, 16305910.677235246, 17820141.227794707, 19558750.195000887, 21567660.47466755, 23905043.518538535, 26645418.703148663, 29885432.291677177, 33752144.085534275, 38415135.24018282, 44104571.44376576, 51138783.250700116, 59967488.07770622, 71241544.19219315, 85929350.45660663, 105518684.57818818, 132382624.37303162, 170478524.23823094, 226768854.95730495, 314335195.7306671, 459868138.9002695, 723935873.1311235, 1264989708.1334581]"
6,8370332.259992551,"[6220325.825905221, 4395454.531121781, 3664085.1960747056, 3249413.02711647, 2979206.571967475, 2789344.920450162, 2649706.6099667884, 2544033.350260593, 2462688.9045923054, 2399563.017132178, 2350578.9321359843, 2312907.1051232517, 2284521.483339414, 2263934.9751433805, 2250034.5075071678, 2241974.2675428987, 2239104.395386584, 2240922.0661108047, 2247037.157608457, 2257147.6840346307, 2271021.9285692647, 2288485.274398178, 2309410.3981169015, 2333709.9159838557, 2361330.852829993, 2392250.490434006, 2426473.279807657, 2464028.590571046, 2504969.1334100664, 2549369.936888218, 2597327.793154657, 2648961.1120635867, 2704410.142422363, 2763837.534291595, 2827429.2287118137, 2895395.6718612313, 2967973.360134542, 3045426.7315254956, 3128050.4274463803, 3216171.9581146985, 3310154.8142662346, 3410402.0785787255, 3517360.6022248566, 3631525.825861439, 3753447.340636149, 3883735.304079145, 4023067.8488138914, 4172199.64982149, 4331971.849708229, 4503323.582550198, 4687305.387330383, 4885094.864148438, 5098015.003406823, 5327555.714071453, 5575399.197119415, 5843449.9612779915, 6133870.469148815, 6449123.644774616, 6792023.784603119, 7165797.814083695, 7574159.350839913, 8021398.712089956, 8512492.893212348, 9053240.72159782, 9650429.960920453, 10312045.255036086, 11047528.67104286, 11868108.535077095, 12787217.700703204, 13821030.01061672, 14989154.498343468, 16315542.32964313, 17829683.91435945, 19568206.640706897, 21577033.037947416, 23914334.15752232, 26654628.930478036, 29894563.114604354, 33761195.92677224, 38424107.83315861, 44113463.69326043, 51147593.04586244, 59976212.038307786, 71250177.31943202, 85937885.64443982, 105527111.91596878, 132390930.12752163, 170486689.32839513, 226776852.60015917, 314342987.68290067, 459875669.2276044, 723943057.4541969, 1264996414.3530493]"
7,8507790.78337808,"[6323516.405818293, 4469642.569985403, 3726968.9984593503, 3306114.274921242, 3032064.8723323345, 2839667.563345544, 2698317.978860937, 2591498.6057296246, 2509420.7037774175, 2445878.301249735, 2396731.685388878, 2359108.4795787334, 2330952.8113624007, 2310756.5549275354, 2297391.7643377706, 2290002.2269110754, 2287931.0386158675, 2290670.929504499, 2297829.4111467227, 2309103.8486752957, 2324263.3424591124, 2343135.386704758, 2365595.9483270794, 2391562.042556733, 2420986.1656854153, 2453852.135448247, 2490172.0193285644, 2529983.921360135, 2573350.4619758874, 2620357.8316376656, 2671115.333005607, 2725755.3520303816, 2784433.7181740105, 2847330.4297702312, 2914650.733626142, 2986626.5592805445, 3063518.318592444, 3145617.0911162496, 3233247.2255017012, 3326769.3973890245, 3426584.1753591, 3533136.15889588, 3646918.7664886117, 3768479.768501207, 3898427.6788965166, 4037439.143113613, 4186267.4873076677, 4345752.627968192, 4516832.5821307, 4700556.868895501, 4898102.155183405, 5110790.575719327, 5340111.253163129, 5587745.664347291, 5855597.6495961845, 6145829.053106844, 6460902.225352764, 6803630.929378599, 7177241.593146026, 7585447.36880514, 8032538.136500716, 8523490.479551315, 9064102.835086018, 9661162.59521246, 10322654.047867537, 11058018.91682008, 11878485.194327712, 12797485.406224191, 13831193.070057094, 14999216.892836332, 16325507.707948685, 17839555.581781864, 19577987.541786492, 21586725.73158163, 23923940.782697618, 26664151.16013992, 29904002.094284832, 33770552.19329363, 38433381.20686215, 44122653.13444936, 51156696.462019086, 59985226.02232933, 71259096.78924537, 85946703.33853531, 105535817.67334843, 132399509.83645844, 170495123.35127735, 226785113.34211922, 314351035.71005964, 459883446.83180976, 723950477.5457153, 1265003340.552815]"
8,8649041.222761689,"[6429582.81059036, 4545934.138521349, 3791665.624734137, 3364477.226565551, 3086497.8834538795, 2891514.1696665846, 2748425.8483408988, 2640449.291253522, 2557639.258247666, 2493691.608417332, 2444402.1128014848, 2406854.557187639, 2378962.6070120186, 2359196.710463427, 2346413.8384374604, 2339747.3062177673, 2338533.2034495026, 2342259.9451379552, 2350532.8873240873, 2363049.0310412794, 2379578.6495574936, 2399951.7738143057, 2424048.1580486, 2451789.7878029495, 2483135.281165257, 2518075.7273580134, 2556631.638819352, 2598850.7848237753, 2644806.7398784757, 2694598.0272866637, 2748347.7730929404, 2806203.811979294, 2868339.2071758807, 2934953.1629537046, 3006272.3220798373, 3082552.452733621, 3164080.5405524224, 3251177.3123069704, 3344200.228737429, 3443546.995781645, 3549659.6562990993, 3663029.338931635, 3784201.7575296015, 3913783.574260503, 4052449.762906611, 4200952.136913002, 4360129.240668625, 4530917.843794495, 4714366.328786612, 4911650.324637324, 5124091.016170502, 5353176.654793143, 5600587.916440964, 5868227.90353632, 6158257.778805256, 6473139.261799723, 6815685.529891938, 7189122.465813249, 7597162.712531775, 8044095.673006415, 8534897.481587708, 9075366.15108642, 9672288.670519114, 10333648.9426184, 11068888.320506305, 11889234.436958075, 12808119.465943336, 13841716.57696098, 15009634.128600657, 16335822.600723743, 17849771.695602953, 19588108.05947715, 21596753.429766297, 23933877.99704981, 26673999.738321602, 29913763.33308357, 33780226.75513011, 38442969.00889915, 44132153.20068753, 51166106.72449553, 59994543.05100644, 71268315.41997111, 85955816.1521008, 105544814.25176704, 132408375.67701948, 170503838.23924565, 226793648.83874798, 314359351.1420045, 459891482.64221525, 723958143.8181005, 1265010496.4423752]"
9,8794231.208046613,"[6538638.166034743, 4624413.424290972, 3858248.8373897225, 3424570.6094465367, 3142571.801298987, 2944949.8474139646, 2800095.193925038, 2690950.9501973093, 2607411.2357425317, 2543071.203191027, 2493660.499117568, 2456218.0393334404, 2428626.372867681, 2409334.1290849224, 2397182.9929065406, 2391295.749797933, 2391001.5415539965, 2395784.6244927794, 2405248.441941373, 2419089.953505911, 2437081.004814893, 2459054.6394468397, 2484894.9531639963, 2514529.5381082296, 2547923.8580782562, 2585077.0925857425, 2626019.121723011, 2670808.417462915, 2719530.6734871566, 2772298.0538153946, 2829248.976211995, 2890548.373485893, 2956388.3970690668, 3026989.5445429534, 3102602.2074414045, 3183508.648719743, 3270025.431521967, 3362506.3329758793, 3461345.789258525, 3566982.931668848, 3679906.2884625047, 3800659.2443663627, 3929846.3696711212, 4068140.7544205785, 4216292.511454254, 4375138.646126986, 4545614.531936556, 4728767.281958908, 4925771.368341237, 5137946.919277698, 5366781.218908906, 5613954.055702686, 5881367.715947211, 6171182.610045552, 6485859.762318045, 6828211.705964297, 7201463.7251493335, 7609327.9049191475, 8056093.126397669, 8546735.033959687, 9087051.178327948, 9683828.110531986, 10345049.315745533, 11080155.746324688, 11900374.64739263, 12819137.814563036, 13852618.044208944, 15020423.322575629, 16346503.752962172, 17860348.651095808, 19598584.2598747, 21607131.888350487, 23944161.263545394, 26684189.850919962, 29923861.75407952, 33790234.28518188, 38452885.672923565, 44141978.09545457, 51175837.81357396, 60004176.88596749, 71277846.75620091, 85965237.41067278, 105554114.75101686, 132417540.51036215, 170512846.59341812, 226802471.39761186, 314367945.94138885, 459899788.19780254, 723966067.2640285, 1265017892.2720613]"
10,8943515.823578611,"[6650801.370135482, 4705168.985446747, 3926796.2920186147, 3486466.837762881, 3200356.4305114225, 3000043.311236199, 2853394.648255758, 2743072.8740649223, 2658807.177322395, 2594089.3794672415, 2544581.343781695, 2507276.0565150827, 2480024.2846795917, 2461252.4462665915, 2449786.74673716, 2444739.400818914, 2445432.6844998673, 2451346.881646037, 2462083.801774174, 2477340.728183165, 2496891.527474776, 2520572.788133636, 2548273.565921128, 2579927.768889144, 2615508.5132732242, 2655023.9815087616, 2698514.4503499568, 2746050.2524260283, 2797730.5023935735, 2853682.468126565, 2914061.50403361, 2979051.4916178435, 3048865.7545261234, 3123748.4335231334, 3203976.3224712014, 3289861.180562347, 3381752.549580887, 3480041.118573755, 3585162.6926250905, 3697602.838082522, 3817902.2942355126, 3946663.26180619, 4084556.702531755, 4232330.812591076, 4390820.866879344, 4560960.672691911, 4743795.922164053, 4940499.795261532, 5152391.242365152, 5380956.471575439, 5627874.286027342, 5895046.067621946, 6184631.3946729, 6499090.524011612, 6841235.279061019, 7214290.285721183, 7621967.016662806, 8068553.781385183, 8559025.688643277, 9099179.785110235, 9695802.145134151, 10356875.800523639, 11091841.26960501, 11911925.378804624, 12830559.516251624, 13863916.077687025, 15031602.650839388, 16357568.937315166, 17871303.841902256, 19609433.18017268, 21617877.808864176, 23954806.967113495, 26694737.583631694, 29934313.159401655, 33800590.31592667, 38463146.4738332, 44152142.84613562, 51185904.516949534, 60014142.080438375, 71287705.11879528, 85974981.20098555, 105563733.01698947, 132427017.92824817, 170522161.72912598, 226811594.0225098, 314376832.74650145, 459908375.6884184, 723974259.4956126, 1265025538.869399]"
11,9097058.072451005,"[6766197.456390513, 4788294.030665051, 3997389.790811591, 3550242.256494973, 3259925.4270759895, 3056867.1288353577, 2908396.7549235, 2796888.3667532206, 2711901.774748884, 2646822.753569603, 2597243.672319144, 2560110.500700198, 2533241.5475377887, 2515040.6286779717, 2504318.2881014645, 2500176.1484927014, 2501929.7289915234, 2509055.561080739, 2521154.1400729045, 2537923.4858605415, 2559139.989909351, 2584644.3812732548, 2614331.366498053, 2648141.9610837996, 2686057.8337781727, 2728097.1884799898, 2774311.847774714, 2824785.2993194163, 2879631.535564482, 2938994.5677559227, 3003048.5328623652, 3071998.3410709947, 3146080.8346196264, 3225566.4479638785, 3310761.3760757744, 3402010.273155555, 3499699.51909858, 3604261.106480643, 3716177.2173175216, 3835985.5771496147, 3964285.6948614568, 4101746.120951444, 4249112.885742277, 4407219.313515544, 4576997.450296283, 4759491.393953443, 4955872.87784794, 5167459.536607176, 5395736.378765225, 5642381.111235201, 5909294.111749649, 6198634.036536276, 6512860.293578625, 6854783.922803104, 7227628.82489118, 7635105.799185395, 8081502.5279331505, 8571793.533370882, 9111775.311420143, 9708233.41676426, 10369150.388151824, 11103966.273078144, 11923907.445002198, 12842404.852485657, 13875630.460416138, 15043191.429325938, 16369037.031668901, 17882655.734721243, 19620672.90068704, 21629008.908085346, 23965832.481945634, 26705659.98715532, 29945134.293491483, 33811311.30088228, 38473767.587559104, 44162663.362252235, 51196322.48650122, 60024454.03463864, 71297905.65897179, 85985062.4238013, 105573683.69327617, 132436822.3034153, 170531797.72502637, 226821030.4612372, 314386024.91752887, 459917257.99927545, 723982732.7867031, 1265033447.6784883]"
12,9255029.375314375,"[6884957.984450409, 4873886.720477391, 4070115.5557515174, 3615977.4046546817, 3321356.560453359, 3115497.987458423, 2965178.2433074713, 2852475.031027779, 2766774.1715546474, 2701352.5827556774, 2651731.3751409724, 2614808.3874032795, 2588368.7843917385, 2570793.392569259, 2560876.9263534695, 2557710.417834878, 2560602.7689846605, 2569027.0173023343, 2582582.7094476596, 2600969.068644494, 2623965.577361211, 2651417.7722743303, 2683226.7829776704, 2719341.6166924536, 2759753.5001505464, 2804491.7969916016, 2853621.1608585566, 2907239.6835246533, 2965477.8681758344, 3028498.3097188473, 3096496.0028303415, 3169699.228569627, 3248370.994632229, 3332811.0247653425, 3423358.3110304177, 3520394.2596450895, 3624346.478044212, 3735693.2684155703, 3854968.912113622, 3982769.8508706093, 4119761.895534426, 4266688.622232884, 4424381.150663912, 4593769.541198045, 4775896.098610282, 4971930.932978362, 5183190.20575431, 5411157.585274458, 5657509.556280702, 5924145.379258245, 6213222.686581016, 6527199.945578635, 6868887.329665571, 7241507.939060539, 7648771.831412703, 8094965.999447793, 8585064.322017819, 9124862.692216992, 9721146.097230047, 10381896.538659811, 11116553.552384496, 11936343.02099657, 12854695.41809249, 13887782.244445086, 15055210.20190835, 16380928.103727102, 17894423.950670898, 19632322.623254895, 21640543.993707478, 23977256.244644165, 26716975.148014605, 29956342.911774397, 33822414.68128657, 38484766.155896485, 44173556.49857175, 51207108.29978907, 60035129.05576205, 71308464.41684878, 85995496.85107362, 105583982.27698457, 132446968.84405267, 170541769.47619605, 226830795.2572155, 314395536.5865574, 459926448.75903654, 723991500.1185889, 1265041630.8025508]"
13,9417610.106682375,"[7007221.460441625, 4962050.491903631, 4145064.523291979, 3683757.2995757237, 3384731.9970070533, 3176016.9823827855, 3023820.326459922, 2909915.079397969, 2823508.290159598, 2757765.1117116213, 2708133.5765864626, 2671462.2505861595, 2645502.460340373, 2628611.661282651, 2619568.586966634, 2617453.706681095, 2621569.479963511, 2631385.7521799505, 2646501.5387938917, 2666617.7938297987, 2691517.7270816416, 2721052.4304101914, 2755130.3206676394, 2793709.385819465, 2836791.5352562517, 2884418.566246122, 2936669.4030573666, 2993658.3664729446, 3055534.30385606, 3122480.4630631804, 3194715.0336247087, 3272492.309976712, 3356104.457079947, 3445883.8806385696, 3542206.2239023447, 3645494.031967148, 3756221.1436143667, 3874917.891022682, 4002177.2100681514, 4138661.7894074023, 4285112.41622287, 4442357.711709917, 4611325.4916859865, 4793056.039080024, 4988717.637975603, 5199624.796507359, 5427259.682291985, 5673297.414485216, 5939636.007866919, 6228431.955609411, 6542142.680559009, 6883577.395930976, 7255958.316740155, 7662994.682104945, 8108972.725383788, 8598865.618386805, 9138468.593202055, 9734566.016183227, 10395139.30273503, 11129627.431833625, 11949255.753217578, 12867454.226394176, 13900393.851347804, 15067680.836636007, 16393263.503338575, 17906629.354024112, 19644402.75666648, 21652503.046732187, 23989097.83381313, 26728702.265565276, 29967957.855280995, 33833918.95850998, 38496160.356870234, 44184840.12356603, 51218279.526735544, 60046184.42298722, 71319398.38487029, 86006301.18785429, 105594645.17916846, 132457473.65275764, 170552092.75158787, 226840903.80534935, 314405382.7116504, 459935962.39181924, 724000575.2294259, 1265050101.049941]"
14,9584990.172017235,"[7133133.789600946, 5052894.408492483, 4222332.662487421, 3753671.7442059815, 3450138.606739465, 3238509.929510724, 3084409.024285555, 2969295.6718131676, 2882193.187659256, 2816151.9498987272, 2766545.037347667, 2730170.5738449693, 2704745.346527733, 2688603.0661499426, 2680506.354154989, 2679525.175268516, 2684955.761330597, 2696265.11670132, 2713052.201802179, 2735020.2975147814, 2761957.0565202385, 2793719.964350596, 2830225.6932467967, 2871442.319463089, 2917383.6947698146, 2968105.4778226316, 3023702.4784927517, 3084307.0716315657, 3150088.5109363496, 3221253.028254837, 3298044.645222202, 3380746.6569128335, 3469683.774264291, 3565224.935580462, 3667786.8191245347, 3777838.109997615, 3895904.596329063, 4022575.1933509707, 4158509.020292267, 4304443.685390234, 4461204.970043063, 4629718.145834148, 4811021.209857643, 5006280.386938721, 5216808.325170457, 5444085.507726759, 5689785.524448484, 5955804.998113662, 6244299.151635438, 6557724.245674372, 6898888.427275121, 7271012.930601716, 7677806.0896986425, 8123553.300050288, 8613226.955020875, 9152621.560566097, 9748520.802630752, 10408905.455738962, 11143213.891590118, 11962670.880467176, 12880705.824464738, 13913489.1822716, 15080626.631012201, 16406065.963400602, 17919294.14909923, 19656935.009869754, 21664907.31128359, 24001378.05675417, 26740861.73581636, 29979999.131816328, 33845843.77277422, 38507969.48118198, 44196533.193751335, 51229854.80199742, 60057638.458001494, 71330725.57658541, 86017493.13940203, 105605689.79031122, 132468353.79041052, 170562784.2562549, 226851372.41250873, 314415579.1354029, 459945814.1734898, 724009972.6677318, 1265058871.9839363]"
15,9757369.629209964,"[7262848.764121333, 5146533.538083125, 4302021.318751462, 3825815.6595722884, 3517668.295570109, 3303067.7044212595, 3147035.514520079, 3030709.2828769237, 2942923.443212211, 2876610.482953772, 2827066.5937925503, 2791038.2617671043, 2766207.0279505476, 2750882.4955670536, 2743811.0665258914, 2744052.2943741605, 2750896.443635367, 2763808.0847209096, 2782386.6656090915, 2806338.4676514417, 2835456.391565174, 2869605.257884681, 2908711.080016628, 2952753.2643774003, 3001759.0181155354, 3055799.463947162, 3114987.112072423, 3179474.4448317736, 3249453.4458649755, 3325155.961899504, 3406854.8284599036, 3494865.7252303064, 3589549.7556440085, 3691316.770823553, 3800629.4820034206, 3918008.429491952, 4044037.9013432413, 4179372.9224549383, 4324747.466072291, 4480984.076093525, 4649005.13181442, 4829846.038860977, 5024670.693551391, 5234789.646008998, 5461681.484090954, 5707018.080895007, 5972694.500148714, 6260864.545223355, 6573983.180839419, 6914857.367722124, 7286707.250983059, 7693240.161901116, 8138740.569656074, 8628180.008904517, 9167352.186418563, 9763040.041045994, 10423223.645351976, 11157340.707615107, 11976615.366840422, 12894476.419647694, 13927093.738602817, 15094072.427308142, 16419359.71027404, 17932441.986183405, 19669942.49377346, 21677779.392628074, 24014119.044006944, 26753475.24276966, 29992488.004347622, 33858209.988815665, 38520214.015354335, 44208655.83449352, 51241853.903589845, 60069510.60158622, 71342465.1013037, 86029091.48399663, 105617134.55135548, 132479627.34543192, 170573861.69880843, 226862218.36308074, 314426142.6483867, 459956020.29265904, 724019707.8503351, 1265067957.9766765]"
16,9934959.358436853,"[7396528.589398555, 5243089.3608496, 4384237.585652057, 3900289.444820624, 3587418.365636315, 3369786.610490598, 3211796.5142954066, 3094254.1015849486, 3005799.5802990645, 2939244.321723163, 2889805.638128571, 2854177.1558183953, 2830004.460018672, 2815572.6976414174, 2809611.97180181, 2811171.5587796867, 2819536.0682630166, 2834168.107298568, 2854668.229317501, 2880746.477567926, 2912201.907385692, 2948907.73215051, 2990800.5256184787, 3037872.418762073, 3090165.5613938123, 3147768.342188701, 3210813.014324069, 3279474.4821291864, 3353970.0823238343, 3434560.251664296, 3521550.0178230256, 3615291.286667198, 3716185.930040762, 3824689.7060776353, 3941317.070874527, 4066646.9675970525, 4201329.708234727, 4346095.09568885, 4501761.971209526, 4669249.416143894, 4849589.889611512, 5043944.647638291, 5253621.86769098, 5480097.99955827, 5725042.984426767, 5990350.135709107, 6278171.6667456925, 6590961.093936741, 6931524.05513218, 7303079.48369652, 7709333.597614944, 8154569.839931488, 8643758.796182394, 9182693.291842043, 9778155.443860501, 10438124.554484338, 11172037.60587275, 11991118.048012793, 12908794.018626094, 13941234.754454732, 15108044.73903805, 16433170.584759176, 17946098.077475846, 19683449.832578182, 21691143.364274204, 24027344.352564096, 26766565.85806185, 30005447.08735937, 33871039.78920829, 38532915.732251406, 44221229.427930355, 51254297.83839619, 60081821.496863365, 71354637.24521077, 86041116.15202248, 105628999.03081846, 132491313.5089562, 170585343.86461282, 226873459.99008298, 314437091.057966, 459966597.91682076, 724029797.1252213, 1265077374.2676463]"
17,10117981.784780847,"[7534344.452205287, 5342690.210460104, 4469094.707408454, 3977199.367499206, 3659491.9063723423, 3438768.7789871395, 3278794.6953974664, 3160034.466946669, 3070928.5275102407, 3004163.7929427326, 2954876.643831037, 2919706.5996613726, 2896262.579320453, 2882804.9425022528, 2878047.4474308267, 2881029.273732275, 2891029.748227462, 2907510.0574020147, 2930072.5634675175, 2958431.9325576425, 2992394.396233514, 3031842.7507728636, 3076725.5010125786, 3127049.07036379, 3182872.3371533304, 3244302.9852838516, 3311495.3141727746, 3384649.2637738287, 3464010.4909490943, 3549871.393818274, 3642573.027812436, 3742507.895733565, 3850123.6275338084, 3965927.59631519, 4090492.5472248048, 4224463.347233281, 4368564.997878224, 4523612.091613114, 4690519.937282324, 4870317.633612037, 5064163.434076279, 5273362.825337917, 5499389.838804752, 5743912.236008376, 6008821.36043188, 6296267.640144914, 6608702.969169676, 6948931.506883383, 7320170.835433036, 7726125.934161097, 8171079.107015431, 8659999.888335645, 9198680.129796058, 9793901.042370558, 10453641.081318349, 11187336.432517976, 12006209.79247564, 12923688.58051467, 13955941.342339694, 15122571.88986355, 16447526.174820542, 17960289.324161828, 19697483.285679042, 21705024.88513714, 24041079.078689933, 26780158.149793506, 30018900.452011704, 33884356.77614236, 38546097.7897377, 44234276.708745, 51267208.935255766, 60094593.07987785, 71367263.55959237, 86053588.31194592, 105641304.00860119, 132503432.65649998, 170597250.6952858, 226885116.75238085, 314448443.2630091, 459977565.2641499, 724040257.8397326, 1265087137.0271401]"
18,10306671.658466036,"[7676477.13468921, 5445471.751483142, 4556712.515047003, 4056657.9870475195, 3733998.219433412, 3510122.604377724, 3348139.136687547, 3228161.3432442397, 3138424.121960491, 3071486.4760655984, 3022401.741308786, 2987754.059422627, 2965114.9747450873, 2952719.751152523, 2949265.7948117033, 2953782.423098989, 2965544.11989291, 2984011.276104614, 3008788.863100797, 3039597.143939197, 3076250.6786518395, 3118643.186751157, 3166736.6473475397, 3220553.5418949276, 3280171.4897567183, 3345719.7593638897, 3417377.2982822955, 3495372.039234638, 3579981.322118178, 3671533.334797561, 3770409.524987191, 3877047.976727575, 3991947.7813378572, 4115674.4669620097, 4248866.585122317, 4392243.5889983475, 4546615.178365529, 4712892.332255363, 4892100.304720968, 5085393.924290657, 5294075.617094368, 5519616.671428472, 5763682.383034021, 6028161.872550249, 6315203.558553338, 6627257.5133236945, 6967126.2400019765, 7338025.8105739355, 7743659.823231429, 8188309.3147034645, 8676942.652622312, 9215350.610422045, 9810313.398385644, 10469808.538612187, 11203271.3420223, 12021923.679523408, 12939192.185637653, 13971244.653569758, 15137684.166364253, 16462455.961398423, 17975044.455870926, 19712070.88131571, 21719451.32787496, 24055349.981387973, 26794278.3015303, 30032873.741041362, 33898186.08255255, 38559784.83832878, 44247821.868600726, 51280610.94641638, 60107848.67826784, 71380366.95688629, 86066530.46388495, 105654071.5671612, 132516006.43677783, 170609603.37513065, 226897209.31862092, 314460219.33507204, 459988941.6815157, 724051108.4146628, 1265097263.4252076]"
19,10501276.898062207,"[7823117.678503372, 5551577.496515214, 4647217.899499867, 4138784.6147871725, 3811053.2808790803, 3583963.218461558, 3419945.8175640255, 3298752.8391343877, 3208407.6599282473, 3141337.7912969366, 3092511.3494045287, 3058455.8051355705, 3036704.625910066, 3025467.6986535564, 3023426.1158930436, 3029599.6290992796, 3043258.3968138397, 3063862.732976511, 3091021.128877148, 3124460.5470890105, 3164005.1769854873, 3209561.172777146, 3261105.727676749, 3318679.3725663126, 3382380.7396622747, 3452363.269253701, 3528833.5019536763, 3612050.7157892436, 3702327.753256783, 3800032.948938161, 3905593.1206275076, 4019497.631223768, 4142303.5685732365, 4274642.128880501, 4417226.328651637, 4570860.212599874, 4736449.772761226, 4915015.849661559, 5107709.352543086, 5315829.215806544, 5540843.6071771085, 5784415.025058806, 6048430.075079501, 6335034.908048421, 6646677.545501441, 6986158.630696297, 7356692.5438397825, 7761981.339542955, 8206304.641636044, 8694629.520015597, 9232745.551682115, 9827431.839288175, 10486664.874703407, 11219879.005471349, 12038295.19604683, 12955339.221887827, 13987178.055139959, 15153413.986302197, 16477991.47882396, 17990394.183935225, 19727242.563297987, 21734451.919642508, 24070185.617692053, 26808954.24259031, 30047394.294457793, 33912554.493596196, 38574003.13878608, 44261890.67015052, 51294529.15822196, 60121613.11885691, 71393971.81537378, 86079966.54154491, 105667325.19080174, 132529057.86839187, 170622424.42519903, 226909759.65854788, 314472440.6067171, 460000747.72931933, 724062368.4248343, 1265107771.7066174]"
20,10702059.502583977,"[7974468.103845328, 5661159.366886545, 4740745.325297568, 4223705.814082861, 3890780.2444295026, 3660413.0073697492, 3494338.156806737, 3371934.775310211, 3281008.4998847246, 3213851.6445294023, 3165344.8690445274, 3131957.6603886187, 3111184.71676182, 3101210.30047518, 3100699.2821011394, 3108662.21487166, 3124365.5384553373, 3147270.31519109, 3176989.5928055793, 3213258.282399267, 3255911.6729304492, 3304870.059996262, 3360127.8153746724, 3421745.769113198, 3489846.1353467107, 3564609.4558909237, 3646273.2041469365, 3735131.812186867, 3831537.972863212, 3935905.137375906, 4048711.18441391, 4170503.2849955857, 4301904.031369165, 4443618.941897541, 4596445.4994151, 4761283.930657685, 4939149.991679668, 5131190.091636658, 5338699.168447077, 5563141.82895574, 5806177.388763458, 6069689.599878728, 6355822.046923369, 6667020.436855406, 7006083.319083065, 7376223.173935354, 7781140.326810688, 8225112.822571039, 8713106.284376502, 9250908.958712518, 9845298.719575047, 10504250.919009686, 11237198.84159249, 12055362.454478383, 12972166.590828419, 14003777.325088978, 15169796.084228694, 16494166.491557062, 18006371.370050967, 19743030.352304935, 21750057.896671534, 24085616.491105974, 26824215.7908656, 30062491.287218213, 33927490.57960546, 38588780.69072634, 44276510.57164359, 51308990.51201415, 60135912.84511042, 71408104.09340596, 86093922.02339256, 105681089.87391078, 132542611.44519699, 170635737.80576682, 226922791.1424651, 314485129.7676766, 460013005.2738664, 724074058.6868062, 1265118681.2724576]"
21,10909296.539054202,"[8130742.188700845, 5774378.301229294, 4837437.388916776, 4311555.944768999, 3973309.99005118, 3739602.1759513393, 3571447.601672791, 3447841.306020558, 3356364.7237246335, 3289171.135600947, 3241051.4461662546, 3208415.828138441, 3188719.5332684517, 3180120.992047094, 3181269.006929755, 3191165.3827116936, 3209073.5483879596, 3234456.2619782686, 3266932.307610959, 3306245.9609663486, 3352245.2742014974, 3404866.6141297966, 3464123.7526955605, 3530100.3651016355, 3602945.157979533, 3682869.098492384, 3770144.388194248, 3865104.9496427774, 3968148.2863099873, 4079738.648569748, 4200411.498145491, 4330779.315873206, 4471538.847111672, 4623479.9289958775, 4787496.096998841, 4964597.2279208, 5155924.545641243, 5362768.398427397, 5586589.316707164, 5829042.9835290015, 6092009.903519034, 6377630.749181747, 6688348.607989281, 7026959.665893972, 7396674.264219254, 7801190.786415756, 8244785.50855729, 8732422.437190533, 9269888.335798532, 9863959.712419182, 10522610.655243158, 11255273.273447007, 12073166.434577584, 12989713.936004221, 14021080.86861372, 15186867.716539443, 16511017.189199388, 18023011.212162018, 19759468.52345705, 21766302.674267054, 24101675.21468711, 26840094.809589565, 30078195.88021505, 33943024.84177804, 38604147.37344849, 44291710.863272905, 51324023.73634243, 60150776.0455029, 71422791.45417917, 86108424.05403459, 105695392.23908925, 132556693.25125134, 170649569.0280931, 226936328.6496718, 314498310.969676, 460025737.5880327, 724086201.3544536, 1265130012.7690349]"
22,11123281.2128136,"[8292166.31417552, 5891404.916673683, 4937445.4263167195, 4402477.756411716, 4058781.7226363793, 3821669.3646143153, 3651414.272710815, 3526615.6004063785, 3434623.8627521396, 3367449.3371230364, 3319790.811993487, 3287997.8017096967, 3269485.4553363547, 3262386.21293623, 3265333.0351164043, 3277319.5226584226, 3297606.9186692983, 3325660.7635243684, 3361106.921617195, 3403700.6401628405, 3453304.619308695, 3509873.4824724644, 3573442.918333143, 3644122.3336962163, 3722090.2315457016, 3807591.78310591, 3900938.240532607, 4002507.965292588, 4112748.943947643, 4232182.7395391315, 4361409.891065344, 4501116.831415907, 4652084.450022161, 4815198.48413524, 4991461.985515505, 5182010.18092078, 5388128.129023731, 5611271.677853823, 5853092.351197094, 6115466.946762919, 6400532.822571248, 6710730.0930809975, 7048852.269142866, 7418107.277466476, 7822191.315054029, 8265378.671619922, 8752631.542898208, 9289735.03549859, 9883464.13534081, 10541791.526048303, 11274148.014162958, 12091751.252139032, 13008023.896290898, 14039129.957536876, 15204668.888377488, 16528582.402006805, 18040351.449631453, 19776593.802087784, 21783222.03402376, 24118396.69046551, 26856625.37964052, 30094541.386079133, 33959189.8720302, 38620135.10032964, 44307522.81655502, 51339659.49171376, 60166232.793976545, 71438063.40218568, 86123501.57689309, 105710260.66621232, 132571331.08635652, 170663945.2764349, 226950398.68681931, 314512009.9408195, 460038969.46109056, 724098820.0232224, 1265141788.1848507]"
23,11344324.028667288,"[8458980.382451883, 6012420.227987476, 5040930.174719624, 4496623.035518847, 4147343.62611562, 3906762.3243098706, 3734387.6704413667, 3608410.590372592, 3515943.695816897, 3448850.1520824954, 3401734.209803246, 3370883.3712273166, 3353672.054483108, 3348206.6086762995, 3353104.463179484, 3367351.668235302, 3390208.239602357, 3421143.746287182, 3459792.664386153, 3505923.0381676555, 3559414.354039505, 3620241.9707050025, 3688466.3492421657, 3764225.9066654295, 3847732.700133264, 3939270.4099534005, 4039194.2726615667, 4147932.748708561, 4265990.810677752, 4393954.819460601, 4532499.025749236, 4682393.7986602485, 4844515.747108251, 5019859.966889024, 5209554.721318573, 5414878.949951321, 5637283.103186309, 5878413.926285237, 6140143.971745014, 6424606.813417196, 6734239.18144998, 7071831.550174445, 7440589.113036126, 7844205.598732829, 8286953.060516149, 8773791.660682231, 9310504.650177479, 9903865.314729393, 10561844.773349315, 11293872.385601074, 12111164.458171487, 13027142.387526214, 14057968.996107578, 15223242.605128706, 16546903.839437544, 18058432.59005469, 19794445.57990527, 21800854.33030641, 24135818.3071146, 26873843.98918599, 30111563.451497078, 33976020.52861869, 38636777.98831558, 44323979.84819043, 51355930.52926743, 60182315.20381403, 71453951.43261182, 86139185.47939074, 105725725.43360043, 132586554.60332131, 170678895.54140902, 226965029.51723695, 314526254.11054134, 460052727.3186579, 724111939.8439822, 1265154030.956479]"
24,11572754.05186354,"[8631438.814659242, 6137616.430583216, 5148062.494288582, 4594153.312425282, 4239153.578993082, 3995038.656055324, 3820527.450832598, 3693389.7925739586, 3600493.127967775, 3533549.2595103383, 3487065.4185678437, 3457265.7371418253, 3441483.310413316, 3437798.3651383966, 3444813.2082315534, 3461507.1186410487, 3487139.9969409555, 3521186.8700639457, 3563292.5722828656, 3613240.0211455673, 3670927.918678835, 3736355.1748741865, 3809610.2695881277, 3890864.361430377, 3980367.3448804617, 4078446.3248585314, 4185506.167015642, 4302031.920732319, 4428593.018727481, 4565849.24466525, 4714558.536904395, 4875586.769071609, 5049919.721757263, 5238677.539075732, 5443132.053860694, 5664727.471031487, 5905105.0262414515, 6166132.3937393725, 6449938.812891841, 6758957.149316698, 7095974.420251638, 7464192.71625638, 7867302.971783131, 8309574.715251327, 8795965.819562793, 9332257.452080727, 9925220.994724035, 10582825.81937769, 11314499.674453825, 12131457.372639239, 13047118.916155994, 14077645.816554427, 15242635.151653051, 16566026.354636788, 18077298.16039908, 19813066.154038608, 21819240.71832204, 24153980.158051074, 26891789.742706478, 30129300.25796753, 33993554.12934923, 38654112.544226885, 44341117.70004141, 51372871.86493087, 60199057.59641492, 71470489.19511044, 86155508.75202382, 105741818.8726151, 132602395.45821714, 170694450.76592135, 226980251.30239916, 314541072.74625826, 460067039.3538556, 724125587.6474895, 1265166766.0843053]"
25,11808920.278924996,"[8809811.636773797, 6267197.754015513, 5259024.156033494, 4695240.634276647, 4334379.938037276, 4086666.6222009435, 3910004.277384676, 3781728.2130886912, 3688453.1591014564, 3621735.1587680876, 3575981.8852869794, 3547352.744137995, 3533138.9615216553, 3531394.6924863756, 3540707.6444868594, 3560051.2495781183, 3588686.5819945037, 3626095.7660943866, 3671935.987766877, 3726007.402214423, 3788230.6914237887, 3858631.521509245, 3937330.0887331665, 4024534.548752174, 4120537.5259758085, 4225715.175548494, 4340528.466104686, 4465526.496454075, 4601351.77276504, 4748747.46748206, 4908566.766302735, 5081784.4920651615, 5269511.280246854, 5473010.6754513085, 5693719.627445906, 5933272.995418787, 6193532.827840209, 6476623.382261068, 6784973.096971095, 7121365.0409486, 7488997.771648943, 7891559.051117778, 8333315.549401641, 8819222.554836452, 9355058.889117807, 9947593.796874166, 10604794.694155306, 11336087.530995786, 12152685.457495332, 13068006.92920363, 14098212.008325696, 15262896.402862012, 16585998.238181472, 18096994.985542238, 19832500.991817594, 21838425.406433523, 24172925.282437146, 26910504.59172213, 30147792.74317509, 34011830.66442752, 38672177.869826496, 44358974.63707483, 51390520.97081959, 60216496.68665624, 71487712.67355227, 86172506.6628573, 105758575.53716314, 132618887.47504985, 170710644.00504208, 226996096.2568617, 314556497.10298824, 460081935.6708739, 724139792.0806136, 1265180020.2591848]"
26,12053193.129501162,"[8994385.662616996, 6401381.393379871, 5374008.703041196, 4800068.4113269, 4433202.397709146, 4181826.037563391, 4003000.7586601153, 3873613.3444870263, 3780017.953362629, 3713610.3244541064, 3668695.979472816, 3641368.2506125793, 3628876.0065185577, 3629247.478279546, 3641056.4297894835, 3663271.538304955, 3695156.544042349, 3736202.550123483, 3786081.3716704547, 3844613.097777307, 3911743.541080296, 3987528.7778993845, 4072124.9409679025, 4165782.0465655923, 4268841.0506133735, 4381733.612294897, 4504984.2468642, 4639214.70158954, 4785150.509911388, 4943629.782260776, 5115614.387324035, 5302203.772479355, 5504651.773346096, 5724386.876317829, 5963036.531545728, 6222456.275137752, 6504764.618224591, 6812384.909590155, 7148095.694186121, 7515091.493814111, 7917056.457855642, 8358254.010923326, 8843636.515312046, 9378980.144759983, 9971051.73808819, 10627816.516167223, 11358698.416549206, 12174908.73449415, 13089864.205542088, 14119723.285558641, 15284080.169797957, 16606871.544902265, 18117573.497728407, 19852799.02454394, 21858455.935741484, 24192699.931908846, 26930033.58985877, 30167084.845461607, 34030893.03128821, 38691015.887856424, 44377591.66536152, 51408917.98586428, 60234671.786732435, 71505660.38357341, 86190216.94918442, 105776032.38977647, 132636066.82645297, 170727510.6013615, 227012598.818146, 314572560.5873618, 460097448.4423144, 724154583.7556024, 1265193822.0012145]"
27,12305966.071716515,"[9185465.784092253, 6540398.526915617, 5493222.392997444, 4908832.344673198, 4535812.9338713065, 4280709.249609113, 4099712.481262274, 3969246.2663104683, 3875396.021529533, 3809392.4856033996, 3765436.385168247, 3739553.651097968, 3728950.3769126087, 3731629.1322116405, 3746150.547903344, 3771479.832471788, 3806885.119128719, 3851868.6498264074, 3906119.4741788805, 3969480.6944418103, 4041926.8511997014, 4123548.6053736657, 4214542.8526275605, 4315207.0409900695, 4425936.886496782, 4547226.974963635, 4679673.949592948, 4823982.1449352205, 4980971.658107549, 5151588.962174654, 5336920.274615437, 5538208.004297107, 5756870.720982671, 5994527.229837179, 6253025.498259455, 6534477.383889586, 6841300.363662869, 7176267.780894667, 7542569.532476187, 7943885.640725493, 8384475.8341009915, 8869289.152505428, 9404098.771944731, 9995668.815675288, 10651962.034098625, 11382400.106737316, 12198192.25415945, 13112753.294245541, 14142239.898030162, 15306244.586010218, 16628702.458179533, 18139088.080988348, 19874012.973989367, 21879383.490398765, 24213353.866252363, 26950425.17526537, 30187223.7742154, 34050787.29405373, 38710671.59154475, 44397012.77250183, 51428105.94792259, 60253625.03061867, 71524373.58996284, 86208680.02830994, 105794229.00614929, 132653972.23221135, 170745088.37757397, 227029795.83324552, 314589298.9376266, 460113612.08184075, 724169995.4138408, 1265208201.8119497]"
28,12567657.394965539,"[9383376.380011665, 6684495.429130305, 5616885.230966732, 5021741.4445774555, 4642416.841434889, 4383522.218078412, 4200349.14960894, 4068842.8614855856, 3974811.5303185657, 3909316.0447981283, 3866449.648094222, 3842169.5715703815, 3833638.8030313402, 3838834.648410842, 3856305.5963003784, 3885014.896980658, 3924237.0748042166, 3973487.9924708903, 4032476.9178920835, 4101073.488838449, 4179285.088647589, 4267241.741370812, 4365186.637770772, 4473471.054258272, 4592552.863106787, 4722998.135994777, 4865485.564302668, 5020813.590504378, 5189910.2865794, 5373846.142450094, 5573850.051301777, 5791328.9087286, 6027891.387901068, 6285376.622761816, 6565888.736413658, 6871838.405582488, 7205992.971161813, 7571537.011469215, 7972145.818458527, 8412074.897684723, 8896269.505017936, 9430499.412665963, 10021525.669844419, 10677308.238872737, 11407266.2587955, 12222606.623346984, 13136742.006738007, 14165827.091680765, 15329452.539777875, 16651551.696786463, 18161597.455180228, 19896199.71591544, 21901263.242628813, 24234940.681717932, 26971731.483821988, 30208260.309396863, 34071562.97064614, 38731193.320433974, 44417285.193169594, 51448131.0499239, 60273401.62158847, 71543896.546211, 86227939.22967386, 105813207.80025887, 132672645.1776551, 170763417.8482449, 227047726.76363945, 314606750.42145276, 460130463.433851, 724186062.1057262, 1265223192.341587]"
29,12838712.145771164,"[9588462.856245384, 6833934.689925484, 5745232.102523755, 5139019.149711408, 4753233.876865186, 4490485.7058338, 4305135.845397882, 4172635.162933208, 4078505.7545183226, 4013633.6550518423, 3972001.8981115595, 3949497.7605550885, 3943240.899723232, 3951183.9152450413, 3971864.3538859338, 4004245.2786278278, 4047609.9168756306, 4101490.606377557, 4165620.255456388, 4239899.073504865, 4324372.002564311, 4419213.911646992, 4524720.642329156, 4641304.661942944, 4769494.530418575, 4909937.702302083, 5063406.418244466, 5230806.623247653, 5413190.004207581, 5611769.382617235, 5827937.842019141, 6063292.124735624, 6319661.009175539, 6599139.589227587, 6904130.634683818, 7237394.533512652, 7602109.725482136, 8001946.061801791, 8441154.207184613, 8924675.093830228, 9458274.617091537, 10048710.335897475, 10703939.056861788, 11433377.052645147, 12248228.600100517, 13161903.970574081, 14190555.625799716, 15353772.15861553, 16675484.970150888, 18185165.105031192, 19919420.68555963, 21924154.73701656, 24257518.176205516, 26994008.697077572, 30230249.133879304, 34093273.351000905, 38752633.0657717, 44438459.702840686, 51469042.92295265, 60294050.1055423, 71564276.75884771, 86248041.05083, 105833014.27247536, 132692130.1542325, 170782542.45298123, 227066433.91093874, 314624956.0535829, 460148041.9821253, 724202821.3884954, 1265238828.5728025]"
30,13119604.244231911,"[9801093.331497671, 6988996.551512074, 5878514.01863315, 5260904.559009887, 4868499.517926417, 4601836.594320454, 4414314.421444327, 4280872.846651822, 4186738.6901462376, 4122617.974954307, 4082380.7701886296, 4061843.202432722, 4058081.501931548, 4069024.307305664, 4093199.6686452925, 4129572.5348073095, 4177437.511935711, 4236346.698872879, 4306060.575135127, 4386514.554992825, 4477796.555260092, 4580132.5927221775, 4693878.479299083, 4819516.36935769, 4957655.378246248, 5109035.82004261, 5274536.858701885, 5455187.56434983, 5652181.538579792, 5866895.436234653, 6100911.880028963, 6356047.4510373175, 6634386.655395091, 6938323.030156583, 7270608.87692675, 7634415.523373395, 8033406.539998978, 8471827.022868931, 8954612.947297484, 9487525.778672904, 10077319.100621939, 10731946.137112498, 11460819.917150974, 12275141.766011536, 13188319.254018068, 14216502.355137944, 15379277.353552103, 16700573.488851547, 18209859.76040429, 19943742.330801964, 21948122.319333434, 24281148.756190598, 27017317.42943859, 30253249.202821553, 34115975.85032743, 38775046.809173584, 44460590.94319582, 51490894.949573874, 60315622.67328477, 71585565.27955353, 86269035.44012725, 105853697.28338945, 132712474.92487717, 170802508.81351423, 227085962.6655748, 314643959.8356228, 460166390.0796437, 724220313.5440822, 1265255148.0231757]"
31,13410838.800734874,"[10021660.484795768, 7149980.376421232, 6016999.48515575, 5387653.789372951, 4988466.354726091, 4717829.338873118, 4528145.046643212, 4393824.889884353, 4299790.849488668, 4236563.6256094575, 4197897.550594628, 4179536.4834323972, 4178513.285093084, 4192733.5998209715, 4220717.711745828, 4261434.880294904, 4314194.188607559, 4378571.28433758, 4454358.740704045, 4541532.505966604, 4640229.705367744, 4750734.767356083, 4873471.925068751, 5009002.8505245, 5158028.660379037, 5321395.8765591085, 5500106.187253058, 5695330.0690898, 5908424.5243860185, 6140955.376550853, 6394724.767656028, 6671804.729611903, 6974577.970260501, 7305787.346644312, 7668595.913077772, 8066659.961795777, 8504218.159415096, 8986200.778372824, 9518364.204911679, 10107457.480139226, 10761429.74780631, 11489690.355056494, 12303437.288101941, 13216075.072180808, 14243750.886623204, 15406048.431921959, 16726894.53827697, 18235755.935018837, 19969236.619626343, 21973235.615978777, 24305899.89100176, 27041723.159811318, 30277324.154911518, 34139732.401938856, 38798494.8987965, 44483737.78319216, 51513744.611171365, 60338175.495324254, 71607817.02844536, 86290976.10933626, 105875309.35645282, 132733730.81713438, 170823367.0175388, 227106361.78125978, 314663809.02059627, 460185553.20206165, 724238581.8193498, 1265272190.9683695]"
32,13712954.655079408,"[10250583.582826322, 7317206.261633217, 6160976.011564199, 5519541.474246934, 5113405.628051281, 4838737.581247203, 4646907.921200052, 4511781.415699892, 4417965.261979215, 4355789.376472205, 4318889.579162225, 4302936.445600688, 4304919.7109297365, 4322723.252335668, 4354861.652404666, 4400311.315328032, 4458399.3913793415, 4528729.449003354, 4611131.367701709, 4705627.771872789, 4812412.186297104, 4931835.843397617, 5064401.180521563, 5210760.794118822, 5371721.1180562675, 5548250.455940664, 5741491.278729349, 5952776.936162978, 6183653.149855077, 6435904.877578765, 6711589.380292416, 7013076.603657961, 7343098.32418403, 7704807.930891335, 8101853.247508913, 8538465.488606572, 9019568.34119314, 9550912.347367287, 10139241.33982107, 10792499.80006671, 11520092.882594615, 12333214.784430683, 13245266.587380588, 14272392.322035015, 15434172.788895905, 16754532.124703526, 18262934.53203684, 19995981.60955751, 21999570.071079254, 24331844.620938182, 27067296.713695943, 30302542.77105373, 34164609.894845724, 38823042.46788627, 44507963.72037375, 51537653.87361014, 60361769.0932734, 71631091.15240932, 86313920.87991071, 105897907.01296067, 132755953.04742539, 170845170.9325416, 227127683.67831302, 314684554.4052148, 460205580.22766614, 724257672.6913633, 1265290000.6885343]"
33,14026527.162964039,"[10488310.707583547, 7491016.81582753, 6310751.775414843, 5656862.420171358, 5243608.9332326725, 4964855.939225778, 4770905.184068106, 4635055.748478211, 4541589.7085008845, 4480640.591366619, 4445722.943314612, 4432433.169695035, 4437718.345831066, 4459442.11631164, 4496115.817069009, 4546726.309177935, 4610622.973994419, 4687442.354832053, 4777057.656913444, 4879545.275519237, 4995163.450625375, 5124339.939935014, 5267666.7416103035, 5425900.651220813, 5599968.95950523, 5790979.981705755, 6000238.414045513, 6229265.777436167, 6479826.460978776, 6753960.141089767, 7054021.647190541, 7382729.693857342, 7743226.327691972, 8139149.476803869, 8574721.683244199, 9054858.999857068, 9585305.21931395, 10172798.180997372, 10825277.02074945, 11552142.10280934, 12364583.310262144, 13275997.818701982, 14302526.10001278, 15463745.689763427, 16783577.704625905, 18291483.526335657, 20024062.088017225, 22027207.549428284, 24359062.12674254, 27094114.802669764, 30328979.486927748, 34190680.66209668, 38848759.901290834, 44533337.32766366, 51562689.61616099, 60386468.752522945, 71655451.42291045, 86337932.06709695, 105921551.14339054, 132779201.08028448, 170867978.55329752, 227149984.77937913, 314706250.6532426, 460226523.7470193, 724277636.1607218, 1265308623.7407298]"
34,14352171.258008733,"[10735321.207467724, 7671779.1190332025, 6466657.461375255, 5799933.440766446, 5379390.11035791, 5096501.996041842, 4900463.037766613, 4763986.708488055, 4671019.22093875, 4611491.970878646, 4578795.505268738, 4568451.33463411, 4577364.606893748, 4603380.630589783, 4645010.407483637, 4701255.126545221, 4771491.235086784, 4855394.103704572, 4952887.228767887, 5064108.990533695, 5189391.984682038, 5329251.785769716, 5484383.174556017, 5655662.641918987, 5844156.529367626, 6051134.576099664, 6278088.976184875, 6526759.3481929, 6799164.314334691, 7097640.703050911, 7424891.75317952, 7784046.137021363, 8178730.167024791, 8613156.248909235, 9092231.549313396, 9621692.035425007, 10208268.624239981, 10859894.30017063, 11585963.935334831, 12397662.484839499, 13308382.678501904, 14334260.953208566, 15494871.15711236, 16814131.010066926, 18321498.73496777, 20053570.294042647, 22056237.01479298, 24387638.36916256, 27122260.629299283, 30356714.96685338, 34218023.02677208, 38875723.35637796, 44559932.75167298, 51588924.10936093, 60412344.98153758, 71680966.67834616, 86363076.90670991, 105946307.41969204, 132803539.02695906, 170891852.38722682, 227173325.88154936, 314728956.65378356, 460248440.4059348, 724298526.0763946, 1265328110.2605534]"
35,14690544.821162352,"[10992128.398051104, 7859886.886569168, 6629048.296222892, 5949095.39038638, 5521087.34467569, 5234018.515700519, 5035934.119551845, 4898941.178074144, 4806638.883796632, 4748750.633103237, 4718540.31057398, 4711454.009066552, 4724356.000027895, 4755075.579737008, 4802126.865409091, 4864529.899887919, 4941693.8176971525, 5033339.605997279, 5139449.130008787, 5260232.288346186, 5396107.238732338, 5547690.52574414, 5715795.153091133, 5901435.454962254, 6105838.197871059, 6330459.785654336, 6577009.809757292, 6847481.529034406, 7144190.212381631, 7469820.663979977, 7827485.705717266, 8220797.949832052, 8653957.90087685, 9131862.337141395, 9660238.115286708, 10245808.125268966, 10896498.246045113, 11621697.029920816, 12432583.782710195, 13342546.157001555, 14367715.999333084, 15527662.97963208, 16846300.984858453, 18353084.689318776, 20084606.73360008, 22086755.29471916, 24417666.808777332, 27151824.56682712, 30385836.747586906, 34246721.91362095, 38904015.34580046, 44587830.26947713, 51616435.54833436, 60439474.02392638, 71707711.31676531, 86389428.03009307, 105972246.75377905, 132829036.08838439, 170916859.88240957, 227197772.5694692, 314752735.91886806, 460271391.2859535, 724320400.4959769, 1265348514.296597]"
36,15042352.39358286,"[11259282.54225077, 8055762.862193856, 6798306.30423975, 6104715.42287384, 5669065.50452584, 5377775.914208867, 5177700.152344793, 5040316.977050804, 4948866.980564475, 4892859.581553042, 4865429.434150487, 4861946.940034315, 4879236.925692007, 4915115.503555983, 4968103.9875956625, 5037246.569797635, 5121991.617216155, 5222113.625366539, 5337662.217735738, 5468929.904542923, 5616433.468727097, 5780905.792776734, 5963296.192371011, 6164778.170741737, 6386764.1198171675, 6630926.973844618, 6899229.23570773, 7193960.193716079, 7517782.566098899, 7873790.28801775, 8265579.730360895, 8697337.356972784, 9173947.746159554, 9701127.101832807, 10285588.967319459, 10935250.981486619, 11659494.396588534, 12469492.018343717, 13378625.680220306, 14403021.988424659, 15562245.862381577, 16880206.849624157, 18386355.624884605, 20117281.102869272, 22118867.94487697, 24449249.21797782, 27182904.924528062, 30416439.962073684, 34276869.5356158, 38933725.390717745, 44617116.91189909, 51645308.64910662, 60467938.43037295, 71735765.84563756, 86417063.99360764, 105999445.80825484, 132855767.04827905, 170943073.90373588, 227223395.67467427, 314777657.0253434, 460295442.3270683, 724343322.0858483, 1265369894.181878]"
37,15408349.273941126,"[11537374.143733189, 8259861.468864273, 6974842.810940184, 6267189.5045636, 5823718.748228103, 5528175.021296322, 5326174.914027266, 5188546.090884291, 5098158.5344513655, 5044301.617134541, 5019978.329492971, 5020483.414941207, 5042604.141150445, 5084146.86195384, 5143644.913697943, 5220172.838522822, 5313225.870112807, 5422641.2053628415, 5548547.167179689, 5691331.821069568, 5851625.84797658, 6030296.480726302, 6228450.610330969, 6447446.058163822, 6688910.664703488, 6954769.372897834, 7247279.955927104, 7569078.508254617, 7923236.330221385, 8313330.434237331, 8743530.634369314, 9218707.111923516, 9744563.55747962, 10327802.583551764, 10976332.233108789, 11699525.2922256, 12508547.058675796, 13416772.671570659, 14440322.733027399, 15598756.742154598, 16915979.31650132, 18421436.60750234, 20151713.336444855, 22152690.228275955, 24482496.599041104, 27215608.811468065, 30448628.154851854, 34308566.166213036, 38964950.754476726, 44647887.16260898, 51675635.31661737, 60497827.69860077, 71765217.49638903, 86446069.86994338, 106027987.56629682, 132883812.82295859, 170970573.26349306, 227250271.78716016, 314803794.1067951, 460320664.7981434, 724367358.5663533, 1265392312.9469805]"
38,15789346.046713334,"[11827037.592067722, 8472671.749567553, 7159101.227126829, 6436945.21503488, 5985473.436138384, 5685650.172585465, 5481807.569847345, 5344098.302303448, 5255009.301315725, 5203603.760706902, 5182750.758041814, 5187669.786465943, 5215112.984158322, 5262881.078532875, 5329525.132884473, 5414157.309633404, 5516328.629691273, 5635949.72484754, 5773240.4002889395, 5928699.423230916, 6103089.284452707, 6297432.7494395375, 6513019.367618769, 6751421.047295541, 7014516.510595411, 7304525.030060172, 7624050.393642545, 7976136.60708797, 8364337.4751056135, 8792802.960398614, 9266386.167178452, 9790776.015543371, 10372662.275355428, 11019941.765506953, 11741977.412045538, 12549925.805514723, 13457154.353653073, 14479776.753319502, 15637346.296194613, 16953761.97866398, 18458464.818388164, 20188034.800504506, 22188348.227429867, 24517530.224684775, 27250053.11360097, 30482514.20278263, 34341921.00990367, 38997797.268390894, 44680243.74385607, 51707515.39452839, 60529238.9908402, 71796160.91261041, 86476537.90967524, 106057961.96868789, 132913261.07545757, 170999443.31361818, 227278483.826092, 314831227.4020784, 460347135.8212669, 724392583.2078824, 1265415838.780336]"
39,16186213.59450548,"[12128955.2036125, 8694720.635374144, 7351560.15002352, 6614444.8741809055, 6154791.389689758, 5850672.678495698, 5645086.419901416, 5507485.285344869, 5419960.282369018, 5371342.264201552, 5354364.389270529, 5364171.766181856, 5397484.482252672, 5452102.609440953, 5526601.68289268, 5620140.020803928, 5732334.8765651435, 5863182.879991174, 6013010.294763416, 6182444.367872477, 6372400.475746363, 6584081.913777262, 6818990.588643521, 7078947.871051192, 7366125.637694806, 7683088.194830745, 8032846.415991724, 8418926.110928863, 8845453.436018795, 9317261.12844497, 9840020.583391815, 10420406.407932162, 11066302.231294543, 11787059.445116848, 12593824.498828232, 13499955.834506035, 14521559.175814211, 15678180.678182185, 16993712.904617548, 18497591.024617255, 20226389.654749632, 22225980.110865176, 24554482.820438683, 27286365.601767242, 30518221.357150495, 34377053.185785174, 39032380.26320577, 44714298.50143039, 51741057.50856161, 60562277.939777374, 71828698.92225921, 86508568.28279984, 106089466.6272111, 132944206.90272188, 171029776.6079595, 227308121.6775906, 314860043.86802053, 460374938.9572215, 724419075.3846045, 1265440545.5418825]"
40,16599888.654972056,"[12443861.708417105, 8926576.583351184, 7552736.8237680495, 6800189.040113978, 6332173.545830324, 6023754.723615088, 5816543.122222349, 5679265.230758518, 5593602.83585307, 5548148.301975191, 5535497.178299502, 5550721.612051293, 5590513.49512957, 5652678.212136075, 5735823.749379933, 5839164.618254483, 5962396.562458172, 6105616.953304693, 6269276.11072357, 6454150.695561051, 6661333.854255408, 6892239.019932091, 7148615.757773519, 7432577.112620413, 7746638.768860251, 8093771.094298363, 8477465.904135346, 8901820.627796322, 9371643.569810778, 9892585.21800831, 10471302.184348136, 11115662.52219516, 11835004.066740483, 12640461.403297395, 13545382.532153904, 14565863.932416439, 15721443.522402287, 17036006.473257124, 18538981.26690632, 20266936.411489546, 22265737.579386294, 24593499.91172129, 27324686.191328764, 30555884.42601359, 34414092.841437876, 39068825.6221599, 44750173.40356922, 51776380.0170455, 60597059.555758834, 71862943.40583825, 86542269.91154122, 106122607.62508404, 132976753.6059916, 171061673.64416718, 227339282.90877008, 314890337.86501956, 460404164.8603339, 724446921.1936235, 1265466513.3372884]"
41,17031379.991590876,"[12772549.240801454, 9168853.633357298, 7763191.008038387, 6994720.429415815, 6518164.063036539, 6205453.759102166, 5996757.46215333, 5860048.083528265, 5776584.480770439, 5734714.450502858, 5726894.647415534, 5748126.358417153, 5795078.065851331, 5865567.622962996, 5958244.915123329, 6072392.472443193, 6207798.94874604, 6364679.807834715, 6543630.1687606275, 6745600.840256214, 6971892.2268232405, 7224163.103965312, 7504452.828267217, 7815216.706766069, 8159375.205073506, 8540378.562777638, 8962289.313210994, 9429886.267972767, 9948794.82598263, 10525650.124676466, 11168301.72751242, 11886071.457643807, 12690079.954836458, 13593663.00330782, 14612906.31677097, 15767338.265643418, 17080835.49310094, 18582818.80297059, 20309849.72581762, 22307787.522392333, 24634741.36281663, 27365168.377992034, 30595651.119098246, 34453182.41746092, 39107270.97432226, 44788001.67104828, 51813612.08465612, 60633709.250151396, 71899016.27450275, 86577761.40754604, 106157500.4168191, 133011013.55611193, 171095243.6963637, 227372073.5686183, 314922211.9256139, 460434912.0122614, 724476214.1485338, 1265493829.161007]"
42,17481775.257700916,"[13115872.899832074, 9422215.940221138, 7983529.31120868, 7198628.319472156, 6713354.944276653, 6396377.461137719, 6186362.750782728, 6050501.487381175, 5969615.5024018735, 5931802.084289834, 5929378.221520409, 5957277.265561223, 6012150.1910459995, 6091835.894310027, 6195037.35983853, 6321119.097570643, 6469979.67899017, 6641973.141369373, 6837863.933942854, 7058806.341760874, 7306343.104808927, 7582420.371189952, 7889417.79309544, 8230193.84400028, 8608147.523042142, 9027298.669016808, 9492390.253814548, 10009017.380796432, 10583789.40974477, 11224533.83303389, 11940553.46188289, 12742952.46190676, 13645052.25719291, 14662925.967543602, 15816090.847150803, 17128413.658299625, 18629306.35262668, 20355322.45767027, 22352313.92050618, 24678383.14018607, 27407980.879003584, 30637683.58165121, 34494478.08671057, 39147867.05021733, 44827929.05871272, 51852894.89809692, 60672363.99228954, 71937050.57438207, 86615172.12875772, 106194270.8419224, 133047109.1674062, 171130605.7515242, 227406609.08801484, 314955777.6176946, 460467287.5457556, 724507055.9577484, 1265522587.6177683]"
43,17952248.645027064,"[13474756.955943003, 9687382.846583761, 8214410.053395897, 7412553.50236842, 6918391.253187187, 6597189.340904556, 6386051.949650407, 6251357.548095301, 6173476.489373192, 6140249.839765057, 6143854.796205372, 6179160.700530097, 6242808.262336865, 6332667.693531081, 6447508.37454851, 6586793.3154820055, 6750551.121616438, 6939298.656511396, 7153998.812328488, 7396044.258177757, 7667261.964446604, 7969935.846770883, 8306846.667858541, 8681329.746003956, 9097352.27936238, 9559613.373780996, 10073671.30399108, 10646104.291895539, 11284713.328010172, 11998778.523495495, 12799384.479576647, 13699835.654632032, 14716190.364287138, 15867952.860432863, 17178978.40546328, 18678668.700600326, 20403568.054991066, 22399520.038100064, 24724619.33894849, 27453309.514537394, 30682160.148658812, 34538151.39674425, 39190779.22575015, 44870115.312328696, 51894383.04575658, 60713173.62045646, 71977191.73619008, 86654643.3738389, 106233056.26924574, 133085173.99599183, 171167889.56461573, 227443015.29316068, 314991156.51591444, 460501408.17123413, 724539557.3996425, 1265552891.7335854]"
44,18444069.42172643,"[13850201.791701004, 9965134.571999315, 8456548.735360056, 7637193.871345691, 7133977.01269082, 6808615.106433526, 6596584.6362424195, 6463420.547776535, 6389026.95622234, 6360983.327873573, 6371327.752045244, 6414870.7032592, 6488251.482900798, 6589383.9292143285, 6717119.632688239, 6871039.701679468, 7051326.640122384, 7258688.954669833, 7494322.6586891115, 7759900.51968503, 8057583.989301652, 8390055.449163765, 8760570.355558991, 9173030.458080173, 9632080.755376428, 10143234.428077668, 10713031.831565678, 11349241.932950854, 12061117.578371286, 12859720.00397569, 13758333.516950697, 14772998.94181937, 15923205.247698009, 17232794.249677777, 18731155.725187838, 20454823.31767565, 22449630.95832646, 24773664.519220054, 27501359.370980382, 30729277.35692376, 34584391.149378836, 39236189.28529173, 44914735.82899666, 51938246.087343335, 60756302.33096874, 72019598.99251342, 86696329.73508239, 106274006.89166355, 133125353.98109269, 171207236.85004473, 227481429.5490601, 315028481.29706264, 460537401.2210674, 724573839.308495, 1265584853.8691907]"
45,18958611.481193237,"[14243291.678502053, 10256318.606075801, 8710724.201755032, 7873310.734528974, 7360881.890738994, 7031449.894462079, 6818794.945589364, 6687575.766855627, 6617215.23473075, 6595026.311317757, 6612909.671350926, 6665623.543987274, 6749816.626739159, 6863461.14891462, 7005509.75753127, 7175684.972656131, 7374351.600653291, 7602444.154431105, 7861433.238488138, 8153321.777146578, 8480666.248128027, 8846620.957808703, 9255005.5406456, 9710397.694365859, 10218254.954530805, 10785071.293330401, 11418576.720287979, 12127991.125305712, 12924347.673217058, 13820906.60065189, 14833687.95491606, 15982162.649214923, 17290156.696129918, 18787045.936185002, 20509351.61498928, 22502896.524454832, 24825756.408695817, 27552357.29627955, 30779252.259926498, 34633405.55785906, 39284297.44065046, 44961983.55465007, 51984670.34426963, 60801930.37377238, 72064446.98915863, 86740400.63442552, 106317287.19415402, 133167808.85107791, 171248802.62994266, 227522002.05249262, 315067896.9778156, 460575405.8289702, 724610033.68753, 1265618596.7509184]"
46,19497364.04187561,"[14655203.507264532, 10561856.907832354, 8977785.602133103, 8121735.966973729, 7599948.796375409, 7266566.511842519, 7053600.648381844, 6924799.600334898, 6859089.852942511, 6843513.605438709, 6869837.065955982, 6932774.641996443, 7028997.587126523, 7156554.250200421, 7314520.847348645, 7502789.126536995, 7721940.119511604, 7973175.479421467, 8258290.199663639, 8579677.700864255, 8940362.781516343, 9344061.024436086, 9795265.64995253, 10299364.949453384, 10862795.6353212, 11493239.978661478, 12199877.762676716, 12993708.210980177, 13887962.6344257, 14898636.25835377, 16045178.547341049, 17351396.84663886, 18846650.624734044, 20567446.645457268, 22559594.76525426, 24881159.03986913, 27606554.787952185, 30832325.09953016, 34685424.73018706, 39335324.64982098, 45012071.158562064, 52033860.94733429, 60850255.98821032, 72111927.62172484, 86787042.07159126, 106363077.62244296, 133212713.71975553, 171292756.7633686, 227564897.29723835, 315109562.3164046, 460615574.26483417, 724648284.968102, 1265654254.6365862]"
47,20061943.660784315,"[15087216.610382963, 10882754.03055413, 9258660.27084884, 8383380.131631307, 7852102.53153988, 7514924.851837963, 7302013.556410134, 7176171.191026032, 7115812.664342701, 7107706.014539778, 7143487.4891036, 7217838.295021862, 7327468.2588471025, 7470523.169090539, 7646229.7728751, 7854682.342120498, 8096718.798187852, 8373857.373643905, 8688277.511919558, 9042836.205221593, 9441115.749009997, 9887502.26788038, 10387297.096404165, 10946865.661655307, 11573831.27703479, 12277324.56009221, 13068303.41486609, 13959964.168036819, 14968272.210354984, 16112651.380233407, 17416886.849586964, 18910318.752123117, 20629436.848781586, 22620035.899630547, 24940166.405260146, 27664231.347296655, 30888762.3998667, 34740703.53706318, 39389515.28815955, 45065233.53260267, 52086044.185266376, 60901497.61896229, 72162252.13435948, 86836458.61868727, 106411576.48427272, 133260260.90299559, 171339285.68475986, 227610295.73830843, 315153651.40347767, 460658073.44882226, 724688751.4373493, 1265691974.6369205]"
48,20654107.74987368,"[15540723.834984016, 11220106.311760284, 9554362.668229222, 8659241.723289505, 8118359.670821786, 7777582.681873083, 7565151.483078286, 7442885.84672679, 7388674.043082923, 7389007.680509701, 7435399.484343365, 7522510.767331392, 7647109.421546847, 7807464.363599464, 8002985.255231798, 8234008.886893392, 8501679.006824315, 8807890.104869694, 9155278.852103263, 9547254.753677726, 9988066.679315329, 10482905.670943558, 11038047.59330964, 11661042.327612907, 12360959.74545294, 13148707.079133987, 14037438.052325547, 15043081.963603437, 16185031.845912099, 17487046.3792575, 18978442.735697925, 20695690.6053949, 22684567.03774929, 25003106.732790887, 27725698.389482856, 30948860.562723577, 34799524.935115695, 39447140.235405385, 45121730.67254686, 52141470.20626044, 60955896.45988369, 72215653.52466226, 86888875.70200825, 106463002.12126136, 133310661.99124157, 171388594.38505054, 227658395.6867001, 315200355.47190166, 460703086.6727667, 724731606.8605137, 1265731918.2166505]"
49,21275769.815859918,"[16017244.05458751, 11575112.292207345, 9866004.550815329, 8950417.717803925, 8399839.87378122, 8055708.037247032, 7844252.03182435, 7726270.562489986, 7679110.526922196, 7688986.301125005, 7747295.923646927, 7848697.407808945, 7990040.445766583, 8169748.104260713, 8387451.978498757, 8643779.598467886, 8940239.68015787, 9279175.338068843, 9663769.093476176, 10098091.790025085, 10587193.045366377, 11137235.070266545, 11755675.441975862, 12451508.33829549, 13235578.35867852, 14120986.962068439, 15123619.481826663, 16262831.676915944, 17562350.379155874, 19051465.330048144, 20766622.39253539, 22753577.72380227, 25070347.50711149, 27791303.81942326, 31012950.061199963, 34862203.83126688, 39508500.45527732, 45181851.01050937, 52200416.13511443, 61013719.38289392, 72272389.30724108, 86944542.21957195, 106517595.39646924, 133364150.22006285, 171440908.67503262, 227709415.4719236, 315249884.9606216, 460750815.56190395, 724777042.3288336, 1265774262.9036865]"
50,21929016.681384873,"[16518436.338551518, 11949084.556945458, 10194806.569097884, 9258115.64309451, 8697778.873802885, 8350593.501589224, 8140688.540531158, 8027802.03586255, 7988725.370945081, 8009396.7755251825, 8081111.41105777, 8198544.624352962, 8358656.838087648, 8560062.83023724, 8802663.305682898, 9087434.907688707, 9416323.11204657, 9792207.84073031, 10218925.948762506, 10701343.521563768, 11245476.959002107, 11858666.645619512, 12549811.56621471, 13329678.23987931, 14211303.497432083, 15210518.71795857, 16346634.244170487, 17643338.367274344, 19129887.853426516, 20842700.108491004, 22827506.50123906, 25142301.392703176, 27861437.408846736, 31081400.350278556, 34929091.59301722, 39573931.160897434, 45245915.2821219, 52263189.68150699, 61075262.32062113, 72332744.69884741, 87003733.55239761, 106575622.55147207, 133420983.18891728, 171496477.777946, 227763595.91647243, 315302471.87416315, 460801482.3160398, 724825268.3695064, 1265819204.2399392]"
51,22616127.98994461,"[17046116.037283655, 12343463.226436615, 10542111.528150685, 9583667.42982658, 9013543.435410812, 8663672.711524636, 8455988.577996716, 8349127.645505831, 8319312.576282814, 8352208.959446326, 8439024.584103256, 8574477.736664817, 8755674.889427423, 8981468.145023495, 9252084.571451753, 9568920.894521683, 9934446.915337294, 10352187.374772161, 10826766.997348815, 11364012.85356474, 11971114.896153599, 12656851.186511189, 13431890.00134024, 14309187.567661732, 15304508.5212695, 16437107.45276314, 17730625.684669495, 19214280.076969326, 20924453.832051396, 22906848.727140903, 25219433.25293058, 27936537.142372012, 31154625.64056647, 35000581.33318287, 39643806.67992216, 45314281.0301491, 52330133.33091402, 61140854.18575573, 72397036.30082309, 87066755.03913629, 106637378.4973247, 133481445.98802245, 171555577.30730152, 227821203.17478776, 315358372.48716784, 460855332.27653193, 724876517.3610063, 1265866958.013546]"
52,23339598.35025616,"[17602273.087549023, 12759831.367959887, 10909399.591394164, 9928545.35017708, 9348648.630689248, 8996539.492725402, 8791855.472587764, 8692089.966148138, 8672885.084426627, 8719640.369904235, 8823496.342093855, 8979245.978195548, 9184185.006970882, 9437458.431390971, 9739689.448863804, 10092781.549465507, 10499836.207638443, 10965156.011160284, 11494318.901629835, 12094319.391399711, 12773780.235743582, 13543244.848780364, 14415567.990566462, 15406431.018793344, 16535019.531835794, 17824917.179486036, 19305292.18326974, 21012486.35651642, 22992165.921814382, 25302268.50853461, 28017096.74175167, 31233091.716505468, 35077114.127605915, 39718546.15916091, 45387347.86880779, 52401629.22953451, 61210861.42768586, 72465616.37036765, 87133945.99790823, 106703190.61677611, 133545854.80512738, 171618512.6969123, 227882531.99944496, 315417870.45285344, 460912636.8743098, 724931046.3052402, 1265917762.8197632]"
53,24102162.539682616,"[18189092.89803439, 13199932.648642324, 11298305.762272969, 10294380.414841048, 9704777.857618243, 9350970.12066722, 9150193.457580552, 9058755.520852566, 9051707.986371651, 9114194.877364874, 9237315.28050907, 9415976.235794157, 9647715.71715343, 9932039.590338528, 10270052.570175946, 10664271.308224171, 11118561.266139835, 11638167.679105341, 12229827.735588104, 12901962.300052464, 13664954.331221282, 14531529.560007691, 15517264.460060298, 16641258.509790123, 17927023.967077494, 19403669.319046378, 21107485.932800293, 23084097.017248094, 25391403.14296168, 28103674.630675316, 31317324.02514577, 35159186.3624385, 39798620.281155586, 45465563.66141701, 52478104.89941037, 61285693.34892845, 72538877.79169714, 87205684.39679706, 106773423.17103934, 133614561.09855807, 171685623.16352963, 227947909.50973034, 315481280.3858335, 460973697.02490306, 724989140.0179877, 1265971883.0068927]"
54,24906824.26336517,"[18808980.242827274, 13665691.613588363, 11710640.045305997, 10682983.674270272, 10083806.112247825, 9728949.306323841, 9533137.147965074, 9451448.63226536, 9458337.796059117, 9538708.67528686, 9683651.930129677, 9888237.524151146, 10150310.8537907, 10469822.093185246, 10848462.478293538, 11289493.11141029, 11797707.471788079, 12379498.881168395, 13043022.223339409, 13798451.747676164, 14658347.280953795, 15638151.851898283, 16756856.424845576, 18037884.108063996, 19510269.42514068, 21210241.782629788, 23183371.97020763, 25487515.74538982, 28196904.67150891, 31407917.319220066, 35247358.456291914, 39884559.20675844, 45549431.799826145, 52560039.951129675, 61365808.33129656, 72617259.88251448, 87282392.29626143, 106848482.4241463, 133687956.44087791, 171757286.29897928, 228017699.55299282, 315548952.0038636, 461038847.0495882, 725051114.8112054, 1266029612.0747042]"
55,25756889.05885173,"[19464586.672384422, 14159237.048430413, 12148410.769767083, 11096370.963715091, 10487827.137166888, 10132700.640393436, 9943086.22690466, 9872791.437223762, 9895669.091735229, 9996405.13855052, 10166123.810197175, 10400118.720802516, 10696623.131754756, 11056134.43430391, 11481060.17128846, 11975568.819994837, 12545586.484311372, 13198912.381908983, 13945445.623904467, 14797530.108619392, 15770437.1843023, 16883019.679799855, 18158588.321782887, 19626085.24182421, 21321663.1124413, 23290828.341447473, 25591382.092242062, 28297509.095466852, 31505547.213000953, 35342265.26522666, 39976962.01089096, 45639519.81962788, 52647974.000944614, 61451721.15625751, 72701255.20169902, 87364542.2139256, 106928822.62239325, 133766478.15973234, 171833923.40902877, 228092307.76792192, 315621274.93043447, 461108459.2178323, 725117322.7556701, 1266091276.6063738]"
56,26656002.0490694,"[20158842.051391598, 14682928.978564844, 12613851.66009038, 11536791.747613683, 10919185.206502616, 10564722.39684473, 10382746.426106513, 10325751.386303097, 10366990.15330863, 10490960.595580965, 10688873.836100787, 10956322.776216596, 11292028.207333714, 11697162.260164171, 12175010.083604813, 12730850.940587878, 13372000.46800372, 14107989.618255198, 14950877.449109942, 15915711.723666102, 17021167.453702807, 18290412.234684467, 19752271.681619883, 21442802.58843553, 23407431.62457049, 25703892.91407579, 28406314.16644907, 31610984.107100427, 35444628.55987114, 40076507.9471333, 45736469.643452525, 52742516.04932225, 61544011.64759171, 72791417.5625093, 87452664.59629273, 107014952.99694932, 133850615.93010235, 171916005.74145603, 228172187.4820547, 315698684.2815447, 461182949.02604795, 725188156.6306939, 1266157240.831633]"
57,27608191.384260144,"[20894990.95503409, 15239389.971768424, 13109453.36193972, 12006762.863316715, 11380512.480302215, 11027829.80727975, 10855178.145684153, 10813697.87810658, 10876049.640577689, 11026583.573494464, 11256665.314004421, 11562281.517261893, 11942764.517524779, 12400120.034406513, 12938712.473719448, 13565187.495741248, 14288575.131302387, 15120553.032861352, 16075873.82610619, 17172980.80072266, 18434857.199863017, 19890180.169802845, 21574885.548217714, 23534300.354826808, 25826075.690776467, 28524269.276616573, 31725110.067100286, 35555272.07025403, 40183969.96564019, 45841009.819774926, 52844355.64220989, 61643334.920059204, 72888371.50420153, 87547356.62488306, 107107445.99604297, 133940919.5067513, 172004061.77720046, 228257846.60463, 315781667.1864927, 461262781.352159, 725264055.6902409, 1266227911.9393616]"
58,28617918.38207084,"[21676634.805278346, 15831541.552381665, 13638000.288209617, 12509108.144946411, 11874773.078537017, 11525205.184667319, 11363854.3924167, 11340470.099548355, 11427136.896058261, 11608110.771609098, 11874997.662519217, 12224296.357242227, 12656105.778219342, 13173464.22836411, 13782069.072566688, 14490255.82090196, 15309182.799443454, 16253207.159259975, 17340466.10414976, 18593702.4882589, 20041402.125789165, 21719346.66125709, 23672737.366349578, 25959121.583771586, 28652470.3836329, 31848939.412085652, 35675139.734084785, 40300231.025077224, 45953970.22221357, 52954276.21917462, 61750433.589016914, 72992823.53691149, 87649292.63875735, 107206947.00153804, 134038007.82908177, 172098685.7978382, 228349855.71181798, 315870770.42556953, 461348477.65593123, 725345512.4027643, 1266303746.28333]"
59,29690135.582168296,"[22507780.8139897, 16462646.711049005, 14202613.843458489, 13047005.135699019, 12405315.300294414, 12060457.615434602, 11912730.143090725, 11910458.688033342, 12025179.157558173, 12241123.931467265, 12550248.20130819, 12949711.818107337, 13440575.155495673, 14027159.915410608, 14716817.79774633, 15519986.529989362, 16450484.370886266, 17526038.07933739, 18769072.75750649, 20207824.57493812, 21877876.36405617, 23824269.035448372, 26104418.978339136, 28792188.98680067, 31983643.99898547, 35805317.97064352, 40426303.89254415, 46076299.8019501, 53073171.16024864, 61866152.38787615, 73105575.55410755, 87759236.52486145, 107314185.84613335, 134142579.78551936, 172200547.9921515, 228448857.566463, 315966609.40883803, 461440624.43300915, 725433080.3569875, 1266385256.6564808]"
60,30830354.1874827,"[23392899.029417597, 17136359.713542588, 14806803.329402387, 13624040.38478908, 12975933.764438227, 12637694.375542894, 12506325.792172775, 12528704.540097356, 12675859.885216564, 12932092.977707654, 13289846.945063025, 13747130.91061467, 14306213.0189102, 14973016.60374546, 15756957.804190904, 16671106.528033048, 17732629.804641306, 18963526.330123007, 20391702.061057746, 22052480.27023053, 23990695.006754994, 26263595.61459285, 28944908.233278632, 32130584.500398457, 35947063.05284166, 40563355.329420865, 46209088.15435493, 53202063.18429661, 61991455.75982702, 73227540.90955567, 87878056.51683867, 107429990.52588415, 134255426.99431407, 172310406.42728138, 228555578.37135077, 316069878.7721627, 461539883.1783025, 725527383.5695643, 1266473020.848775]"
61,32044722.68135257,"[24336989.068853594, 17856784.687731154, 15454526.142670095, 14244275.191617161, 13590943.697507828, 13261606.789828658, 13149828.061640471, 13201019.019748002, 13385763.622428, 13688552.410748094, 14102493.489189684, 14626684.320336133, 15264914.149098247, 16025114.614809364, 16919293.78505838, 17963840.751999617, 19180172.24783331, 20595750.766631126, 22245556.020547926, 24174151.838350296, 26438571.996182263, 29112368.29226321, 32291349.401224136, 36101834.989797056, 40712735.835148335, 46353591.88520253, 53342127.93788874, 62127449.14689505, 73359763.78930366, 88006742.95831072, 107555303.60362291, 134377449.04693294, 172429121.28983116, 228670841.12718153, 316181364.9323857, 461647002.1744983, 725629127.4855638, 1266567691.753467]"
62,33340118.80516001,"[25345658.47881639, 18628544.81551691, 16150259.268268287, 14912324.128873512, 14255270.174425438, 13937573.986435398, 13849212.69198966, 13934131.045945585, 14162554.427464396, 14519320.090355664, 14998427.985439956, 15600369.320240945, 16330855.753649205, 17200350.96632251, 18224139.24757862, 19422827.7908352, 20823273.349494696, 22459993.89864856, 24377195.361151457, 26631629.77834779, 29296623.903554976, 32467804.03302926, 36271339.79849249, 40876016.49302018, 46511267.06339234, 53494722.86169088, 62275404.90637982, 73503442.68435335, 88146429.73690498, 107691201.929474, 134509671.7751726, 172557671.9046507, 228795581.55856133, 316301961.0271399, 461762830.49779963, 725739112.0323868, 1266670009.349626]"
63,34724257.57622829,"[26425215.11569251, 19456864.39795506, 16899084.573856995, 15633449.280844033, 14974555.870518804, 14671788.957027346, 14611394.475502998, 14735868.170666248, 15015197.084412575, 15434770.47408101, 15989772.191013843, 16682479.824207246, 17521045.30851817, 18519144.540872633, 19696233.96880704, 21078326.981867254, 22699310.325968564, 24602908.54757017, 26845500.302437544, 29500118.10256791, 32662152.799794257, 36457582.6904642, 41055034.97278035, 46683809.45663142, 53661422.755010724, 62436794.060691714, 73659959.00136566, 88298420.29259825, 107838920.47502232, 134653269.25219262, 172697177.17111754, 228930867.18963194, 316432684.7718041, 461888334.7303145, 725858247.1763649, 1266780814.9687567]"
64,36205818.64944793,"[27582776.51162643, 20347666.62538182, 17706791.05560255, 16413673.917494461, 15755291.86813736, 15471412.598047107, 15444411.84510529, 15615380.949452132, 15954233.244459629, 16447178.376458347, 17090962.084197998, 17890156.67438847, 18856028.07878974, 20006355.8150616, 21365953.295223653, 22967827.611605883, 24855044.681087255, 27083480.600548506, 29725777.709825873, 32877018.938982904, 36662935.61008179, 41251953.45426202, 46873204.80895674, 53844063.91253519, 62613325.45806253, 73830912.15788317, 88464219.36516011, 107999881.30167091, 134809590.4324304, 172848920.22830462, 229077920.30397677, 316574699.90388894, 462024618.9935241, 725987571.5448298, 1266901068.3556437]"
65,37794597.11603319,"[28826399.918977566, 21307690.608614355, 18579998.022960067, 17259920.349675283, 16604977.35881643, 16344763.089338124, 16357655.448566198, 16583422.872748673, 16992128.673006088, 17571154.845813245, 18319301.238642186, 19244098.11149898, 20360809.685333073, 21692498.900701046, 23270919.99698794, 25138220.200605333, 27349587.426185608, 29977138.50741315, 33115547.885341883, 36890223.859912336, 41469332.23458469, 47081792.20059782, 54044799.33028841, 62806994.42677426, 74018162.92503381, 88645571.99441087, 108175728.98062098, 134980191.5917753, 173014378.3850298, 229238145.72266436, 316729342.0638368, 462172949.0787182, 726128274.8227186, 1267031868.1651192]"
66,39501682.839212,"[30165237.66055587, 22344632.164091855, 19526304.301383644, 18180178.059769437, 17532315.805575058, 17301550.220032215, 17362153.137737542, 17652702.18178433, 18143713.338179052, 18824204.482251585, 19695675.030950993, 20769485.91501361, 22066071.584197283, 23615356.718499124, 25458178.758960247, 27648764.8101781, 30258511.524392366, 33381542.842231393, 37142838.4299835, 41710224.20593321, 47312344.63101447, 54266168.34411955, 63020143.700148106, 74223887.34754145, 88844511.75756955, 108368374.17903721, 135166876.06985843, 173195259.64706683, 229413164.59569597, 316898150.19452786, 462334781.6603823, 726281724.8225598, 1267174476.7066946]"
67,41339674.71687739,"[31609723.617793523, 23467314.066112295, 20554469.96704063, 19183709.991971523, 18547457.438613713, 18353167.31971395, 18470927.90155527, 18838327.49319756, 19426743.841006517, 20227444.439014673, 21245481.328522623, 22497205.233151257, 24009790.425032437, 25822159.523730874, 27987168.372640014, 30575207.206441343, 33679644.97003555, 37424883.418364525, 41978297.45486319, 47568172.53676921, 54511185.284193754, 63255540.356018186, 74450644.35093236, 89063420.86910963, 108580047.66320014, 135371743.27241838, 173393547.56796646, 229604855.74777246, 317082904.84879994, 462511799.8537817, 726449500.3745275, 1267330349.9709172]"
68,43322937.92606222,"[33171798.254477, 24685893.080607682, 21674639.029075056, 20281307.281168163, 19662301.077608645, 19513057.614863396, 19699450.929024816, 20158376.974180967, 20862628.655873865, 21806540.968817264, 22999855.882220447, 24465469.264140487, 26239421.692866623, 28372562.02006197, 30933842.61921686, 34015576.42263347, 37741372.086075485, 42277996.274626315, 47853258.23273593, 54783453.471744776, 63516473.87659907, 74701461.23211968, 89305105.65171015, 108813367.70099294, 135597249.50858796, 173611556.6790161, 229815406.58025837, 317285675.2014246, 462705956.74146605, 726633431.5093966, 1267501174.262556]"
69,45467914.36719269,"[34865181.62227934, 26012113.212609515, 22898614.01541826, 21485605.93204613, 20890872.530071408, 20797177.57089418, 21066219.881163657, 21634631.84804067, 22477372.334939778, 23592942.016549617, 24997303.848771572, 26722009.44308287, 28814883.10395968, 31342770.26635921, 34396473.57159275, 38098491.44926721, 42614755.443966985, 48172432.62073964, 55087313.41170812, 63806882.381507516, 74979942.76178944, 89572892.11798716, 109071424.85505366, 135846284.0808072, 173852001.470855, 230047376.15146017, 317508877.10660434, 462919528.9771917, 726835648.8397298, 1267688911.1508613]"
70,47793499.356963515,"[36705706.495901346, 27459617.423403487, 24240196.842373982, 22811483.365037054, 22249802.680277467, 22224587.782679766, 22593503.588858902, 23293530.78784731, 24302817.557106763, 25625517.64227718, 27285898.437793493, 29327066.926241755, 31812689.258078516, 34831352.37015742, 38503965.26541448, 42995289.60988349, 48531610.546287, 55428037.761454225, 64131516.91170597, 75290411.81859744, 89870748.14089155, 109357889.56613636, 136122265.20944345, 174118082.88084745, 230303773.89994693, 317755345.27705646, 463155183.225327, 727058644.6228237, 1267895852.9605932]"
71,50321501.352034,"[38711727.377270296, 29044333.871878594, 25715615.00711374, 24276558.808493465, 23758936.552169055, 23818213.261228472, 24308310.305041343, 25167424.606925935, 26378297.301220864, 27952769.73796469, 29926282.917688847, 32357537.288367033, 35331771.91701919, 38967561.242316306, 43427990.5456748, 48938108.89754224, 55812091.2518512, 64496157.810055494, 75638092.65770435, 90203441.1791867, 109677149.9169296, 136429262.00180197, 174413597.59902167, 230588158.6321063, 318028423.6624403, 463416059.07375765, 727305348.7689157, 1268124691.7177224]"
72,53077206.449316,"[40904625.92447292, 30784957.891849637, 27344058.54439208, 25901829.95058623, 25442116.138088286, 25605831.07345763, 26243659.67103848, 27296244.22153613, 28752859.25951767, 30635847.88717085, 32995828.47294271, 35912803.33480865, 39501814.65586442, 43923482.60520041, 49401083.620765865, 56247482.3109746, 64907903.50640786, 76029352.6149261, 90576744.14152253, 110034489.82003558, 136772150.9796381, 174743077.40841842, 230904763.99993205, 318332079.4840081, 463705873.2623062, 727579224.1198044, 1268378605.3999763]"
73,56090076.06474386,"[43309439.878763795, 32703557.988637432, 29148362.080513, 27712490.131693512, 27328196.1980325, 27621366.59252307, 28440272.369107336, 29729744.92526239, 31488300.205666065, 33752724.67199248, 36594483.568971574, 40123085.45766306, 44495415.662513316, 49932141.22233933, 56744246.574287415, 65375561.6152066, 76472025.11249661, 90997707.31779838, 110436322.0262115, 137156818.98746562, 175111968.47538757, 231258658.94850588, 318671048.30234694, 464029051.7330272, 727884386.7828469, 1268661366.6245618]"
74,59394615.19999199,"[45955651.469216205, 34826343.93718311, 31155878.80772844, 29738987.261027634, 29452375.95045528, 29906613.797578335, 30948841.83450067, 32530565.92528075, 34663364.77650243, 37404067.16009939, 40853145.24112439, 45161624.18118161, 50546212.353459716, 57315124.0427748, 65910187.30222583, 76975847.66989303, 91475022.35016882, 110890496.49219465, 137590429.12530148, 175526864.3886763, 231655954.81762505, 319051020.1999643, 464390898.33537173, 728225759.3336105, 1268977480.6791625]"
75,63031461.01513561,"[48878183.57158058, 37184648.795923844, 33399610.961460233, 32018410.033839017, 31857964.332429677, 32513545.97502646, 33833128.77835882, 35778461.26692879, 38379646.95220238, 41721636.422002316, 45945868.24252564, 51262829.65468037, 57976527.292429626, 66525838.06086922, 77553065.62235427, 92019516.56551671, 111406713.90227854, 138081773.49290383, 175995812.4166466, 232104075.40393424, 319478881.02027774, 464797812.310946, 728609267.5509648, 1269332362.282936]"
76,67048758.419177786,"[52118669.06541997, 39816196.127338275, 35919686.96489328, 34596322.72538972, 34598748.22478405, 35507460.267979175, 37174237.10271454, 39576242.699489236, 42770028.1834504, 46880532.925635755, 52108048.480763555, 58749958.90377313, 67240654.00355017, 78219279.58454359, 92644835.37758517, 111997088.36199677, 138641747.30961525, 176528720.86967158, 232612113.05624366, 319963028.1894517, 465257571.40012074, 729042095.4033809, 1269732563.9739604]"
77,71503913.113593,"[55727083.08639412, 42766751.69999942, 38765312.77673471, 37529222.88580102, 37742211.27030495, 38971318.36501336, 41076615.138688564, 44058271.54244614, 48010972.86472601, 53117426.78640586, 59664143.686300755, 68078440.93887484, 78994659.89483607, 93368401.66406977, 112676925.634475, 139283995.56070125, 177137908.17822826, 233191303.94660068, 320513788.85131884, 465779704.2689841, 729533018.8495684, 1270186074.0474877]"
78,76465846.03470515,"[59763862.571125284, 46092299.71701166, 41997380.40270692, 40887876.39119217, 41373971.385691226, 43011832.42083156, 45676623.96181148, 49402824.5506649, 54340824.02114719, 60758339.18844694, 69071054.0396676, 79905728.40735567, 94212792.645221, 113465819.29492271, 140025809.42080355, 177838853.91571045, 233855670.91878843, 321143980.2962549, 466375986.07183504, 730092847.5601578, 1270702709.2695088]"
79,82017921.0803359,"[64302687.82485296, 49861943.91160652, 45692000.08658919, 44761907.5249272, 45603994.22869825, 47768145.22590393, 51155004.372071326, 55850482.629038036, 62087670.82943833, 70262102.09563518, 80988044.45567346, 95207762.94264925, 114389226.81033623, 140889391.80039, 178651242.92031264, 234622905.90240645, 321869671.29165626, 467061106.1408422, 730735016.3495665, 1271294638.3438768]"
80,88261787.52832417,"[69434174.93433534, 54161824.48302248, 49945350.9159199, 49266214.9489997, 50575443.27014172, 53424446.55409628, 57755400.727568865, 63732122.386867106, 71712922.28797352, 82290383.46601975, 96393298.54764462, 115480789.47068107, 141903681.16432488, 179600443.63434255, 235515601.15105033, 322711231.811167, 467853579.9769831, 731476387.2506542, 1271977088.202713]"
81,95322480.86795996,"[75270838.67099522, 59100480.49922392, 54880445.17702764, 54550093.802329004, 56477525.188457906, 60228698.78050339, 65812534.97715956, 73512656.58025306, 83881483.85793078, 97824374.38147116, 116785840.66421247, 143107042.21204472, 180719644.76667643, 236562998.92030835, 323694804.46282506, 468777013.84001493, 732338352.5932417, 1272769309.6825662]"
82,103355278.74840398,"[81953854.18847863, 64816303.62174657, 60656722.337149054, 60810451.27979785, 63564528.25424111, 68521086.85589164, 75796196.18651682, 85861436.6552602, 99578645.84673488, 118366880.42549872, 144551343.8416841, 182053016.60414386, 237803529.67884064, 324854405.3363118, 469861887.777056, 733348375.6031203, 1273695917.129056]"
83,112555041.47215569,"[89662407.39075595, 71488073.3665461, 67483912.7594896, 68311355.89845318, 72184705.30066276, 78778390.02723086, 88381986.63989902, 101769448.73177505, 120312440.42206573, 146308336.3747909, 183660515.89712334, 239288581.51295686, 326234986.2763438, 471148116.8613808, 734542179.0493965, 1274788776.582121]"
84,123169127.1987817,"[98626837.97909427, 79350125.31370339, 75642490.82119334, 77413636.32627201, 82825253.74564666, 91685264.28359687, 104568996.18611515, 122752089.85379863, 148479999.56327844, 185625420.77615893, 241088250.51048422, 327897004.71186113, 472688808.01656437, 735966914.102159, 1276089714.4899564]"
85,135515542.7782329,"[109147449.8946599, 88714641.80936426, 85514555.31545162, 88620881.15429056, 96184466.02889353, 108252679.2819345, 125883249.33379304, 151216092.96489346, 188066590.17956245, 243300391.43983388, 329923429.3851938, 474555902.5635028, 737685847.0403781, 1277654480.3647294]"
86,150008914.7308649,"[121621977.63607726, 100005167.7625823, 97631679.76125997, 102653068.15161604, 113291425.46759927, 130022463.11957765, 154745573.17275274, 191159309.29318035, 246065396.07142758, 332430821.0777085, 476848883.6785965, 739785459.5050297, 1279558672.3108974]"
87,167198397.01108485,"[136586598.44394177, 113808316.24574757, 112751267.74440819, 120568446.40909988, 135712407.7948811, 159436766.25146496, 195172694.59616828, 249591408.2490201, 335587513.76827765, 479708641.24056435, 742386504.3396187, 1281906819.437685]"
88,187824244.5987074,"[154778728.78693685, 130955889.20944208, 131982540.30172801, 143973237.56006074, 165923128.85149288, 200541490.27156663, 254199716.9793551, 339644783.1440973, 483340375.0582864, 745661774.1593943, 1284846700.080505]"
89,212904374.8828054,"[177235948.35218853, 152659700.80129492, 157002570.79367626, 175398973.35180783, 208016407.70495152, 260412145.5665779, 344993212.720953, 488053122.6002636, 749865734.6892042, 1288592656.1421876]"
90,243870595.7292821,"[205456970.46407434, 180741531.1112184, 190443657.3770839, 219018187.10486734, 269134523.0760819, 352271668.31409, 494331711.5672524, 755386166.4287481, 1293465013.1783137]"
91,282789985.6400008,"[241673532.26684898, 218043111.58026165, 236625380.59559882, 282089704.43107533, 362596955.96708274, 502976737.4888191, 762839085.9242668, 1299959769.6817179]"
92,332738156.4269047,"[289330002.18552375, 269196219.8386322, 303027425.20842993, 378107564.73563886, 515401246.2441366, 773255170.8058405, 1308878601.6302257]"
93,398456100.69886833,"[353973738.2365933, 342162040.4940034, 403486304.095711, 534336606.0079019, 788478451.5615942, 1321588051.8912134]"
94,487565614.42485285,"[445011968.6007998, 451549510.05616784, 565816352.9088128, 812122491.5826614, 1340582088.8344126]"
95,612956910.3501049,"[579445301.735695, 626469599.820087, 852274659.0100424, 1370850072.1517453]"
96,797831136.0278085,"[790566218.0288264, 931470689.177958, 1423791112.980527]"
97,1087346547.850668,"[1150744450.3135228, 1531758322.5843186]"
98,1578745507.9614694,[1841071733.3531787]
99,2511763265.8195295,[]
